row  number,age,work sector,salery,savings,Food expenses (month),zip code,other expenses (month),educaion years,economic class
1,37,B,6643,35501,1185,24602,1958,18,5
2,35,E,7580,28599,1960,21555,1732,19,6
3,29,B,7612,21559,1155,31315,1294,18,7
4,52,E,6958,44584,1760,24157,1157,17,6
5,38,D,2818,6724,470,18148,1935,10,1
6,48,D,2045,3920,468,17673,1360,10,1
7,34,E,6225,25285,1862,18295,1692,16,5
8,43,C,2903,2155,839,25789,1675,14,2
9,57,B,7306,24962,1360,23130,1773,17,6
10,51,B,6385,17002,1138,41361,1987,14,5
11,31,A,5121,27832,640,32330,1931,15,4
12,21,B,6222,21729,1146,17501,1127,16,6
13,44,E,8811,136112,2177,21972,1581,19,8
14,52,E,7484,28668,1317,32674,2195,18,6
15,46,D,2553,4806,413,29640,1993,12,1
16,32,A,5166,17124,1085,17972,1516,18,4
17,36,C,3776,3761,906,33228,1730,14,3
18,38,A,4586,30977,746,24038,2084,17,3
19,45,A,6186,25448,1296,30247,1703,20,5
20,44,E,9264,49895,1791,40165,1253,21,9
21,45,C,3347,3627,584,33069,1920,13,2
22,34,E,6691,50912,2465,26474,1866,20,5
23,35,D,2896,4477,463,31472,1945,11,1
24,55,D,3744,8625,499,35096,1416,13,3
25,33,D,3144,7671,524,30912,1782,9,2
26,19,D,2702,5589,555,34416,2043,13,1
27,38,C,3680,8229,713,41957,2043,11,2
28,31,B,7959,23646,1264,19177,1708,19,7
29,26,B,6111,23565,1107,34060,1829,19,5
30,49,D,3145,5709,468,35605,2067,14,2
31,56,E,6182,25958,1813,16465,2134,19,5
32,30,A,5174,26693,719,17644,1612,16,4
33,38,B,7611,6315,1340,20784,1576,14,7
34,26,A,5180,29849,696,16653,1633,15,4
35,30,C,4392,13426,746,37717,1715,16,3
36,27,C,3123,10993,775,36654,1887,14,2
37,20,E,8118,39916,1745,40852,1947,21,7
38,57,D,2149,3225,504,27822,1775,12,1
39,36,B,6851,20363,1085,40284,2024,18,5
40,43,D,2130,5133,486,28227,2151,13,0
41,34,C,3944,7874,853,26766,2554,13,2
42,22,D,3092,6079,444,22701,2348,13,1
43,52,A,5117,24470,1110,26432,1943,19,4
44,43,E,7562,16979,1551,32471,1879,17,6
45,40,A,5179,37560,1202,38513,1632,14,4
46,44,A,5181,17278,1172,22194,2110,17,4
47,48,C,3934,5222,760,20350,1947,15,2
48,46,A,4564,14859,1253,21117,1911,15,3
49,33,B,7491,20600,1325,28118,1750,16,6
50,41,B,9032,17203,1288,31535,2476,17,7
51,32,B,6055,28369,1111,20670,1759,16,5
52,72,A,4787,25731,1034,21157,1678,18,4
53,48,C,2699,5243,800,29716,1895,15,1
54,39,B,7792,32600,1129,35130,1994,17,6
55,29,C,3335,7710,860,39963,1684,13,2
56,41,E,8386,70494,1882,36140,1106,15,8
57,37,C,3711,9936,735,22799,1722,17,2
58,36,B,6627,18932,1283,22227,1579,15,6
59,48,D,1544,3283,553,18266,1730,11,0
60,40,C,3411,932,925,19198,1669,15,2
61,37,C,2716,4450,835,38174,1740,13,1
62,29,B,7703,26413,1207,31543,1215,19,7
63,37,B,8206,20320,1250,36142,1560,19,7
64,22,E,7781,44587,1076,36157,2337,19,6
65,23,C,3606,7746,721,33387,2200,17,2
66,32,A,5009,32255,875,31550,1579,12,4
67,30,C,3228,3042,613,35663,1261,17,2
68,35,B,7421,21174,1182,38171,1260,18,7
69,25,E,6828,37291,1375,24949,1362,20,6
70,40,A,4679,17389,1434,16512,1470,20,4
71,37,A,4882,25884,1016,28027,1724,17,4
72,36,B,8226,23397,1098,24282,2339,16,6
73,49,E,7898,41675,2095,25151,1919,19,6
74,30,B,6224,14615,1089,16639,1822,19,5
75,36,B,7127,22540,1009,15831,1932,16,6
76,45,B,5998,14313,1277,37846,1744,20,5
77,41,D,2564,5320,437,27256,1165,11,2
78,54,B,9240,25715,1267,22667,2272,18,7
79,47,C,4386,11383,1005,22804,1173,11,4
80,52,D,2114,5339,453,40288,1619,10,1
81,35,C,3670,9669,645,24431,2111,11,2
82,44,D,2123,5521,462,37209,1903,12,1
83,45,D,2668,4481,456,24616,1253,15,2
84,45,C,3245,5830,769,15898,1780,13,2
85,27,C,3038,7680,737,24837,1365,16,2
86,30,B,6430,18028,1323,16228,1464,20,5
87,52,A,4891,27016,1120,35340,2488,16,3
88,34,D,1305,2242,575,23820,1780,10,0
89,43,C,3647,9841,729,23751,1991,16,2
90,34,A,4484,27386,913,22951,1798,13,3
91,35,D,3545,4689,522,17793,1549,13,2
92,22,E,8391,59399,2148,29997,1484,17,7
93,46,C,4172,15235,767,16798,1806,18,3
94,44,E,9809,86859,1639,38117,2004,19,8
95,49,C,3176,3797,781,38566,1562,13,2
96,30,C,3743,9703,859,41866,1193,10,3
97,30,C,3051,1808,572,36797,2207,17,1
98,43,B,6102,12671,1094,35817,1629,17,5
99,44,A,3872,23553,1041,31930,1571,19,3
100,34,C,3159,9852,570,28888,1791,15,2
101,44,C,3444,5268,828,40932,1936,14,2
102,29,B,7469,21904,1236,37135,2051,18,6
103,51,A,5463,14196,1284,36590,2028,14,4
104,36,C,2862,4739,822,21245,1586,15,2
105,34,D,2548,6009,441,18767,1427,13,2
106,41,B,7577,17607,1209,30174,2176,18,6
107,45,B,6939,20826,1274,31936,1614,22,6
108,35,A,4445,21290,1036,33777,1270,18,4
109,48,E,7501,41916,2040,27465,2113,19,6
110,39,D,1603,1980,473,29999,1794,11,0
111,30,E,8081,29583,2275,19658,2162,19,6
112,41,E,7211,78052,2205,15992,1856,18,6
113,17,E,7597,51138,1653,35262,1811,17,6
114,39,B,7806,22471,1353,16830,2048,19,6
115,24,D,2175,3730,570,21587,1347,14,1
116,36,C,3340,12521,620,26376,1961,14,2
117,31,B,6829,28996,1147,41148,2329,18,5
118,32,B,8502,792,975,32818,2163,17,7
119,58,D,2824,8174,516,41597,1407,12,2
120,28,E,8573,30958,1736,32399,1223,22,8
121,50,C,3656,533,759,37408,1490,12,3
122,35,B,7112,14385,1185,29611,2147,16,5
123,32,A,4770,9163,1335,29941,1571,16,4
124,46,D,3232,4106,613,32968,1308,13,2
125,41,A,4525,27462,1439,18179,1329,18,4
126,41,A,4796,16787,1233,40935,1611,15,4
127,37,D,2073,5319,535,40022,1403,17,1
128,57,E,7813,218,1604,37764,1650,16,7
129,48,E,7217,57028,2129,21682,2056,19,6
130,43,E,8386,37294,2108,19559,1818,21,7
131,53,A,6086,32188,474,34770,1116,14,5
132,42,B,6364,20744,1153,29740,1194,19,6
133,61,C,3537,9607,518,33746,1855,17,2
134,28,C,3381,6803,719,34181,1165,12,3
135,27,A,4542,33423,1140,35587,2031,14,3
136,27,E,8425,38317,1585,22365,1929,22,7
137,60,D,4001,9164,426,24379,1518,12,3
138,21,C,3820,11004,788,15763,1608,13,3
139,20,D,2012,4046,496,34748,1306,16,1
140,41,B,6782,20819,1171,41868,1600,20,6
141,64,A,4724,34786,898,31310,2092,17,3
142,36,E,8558,52852,2042,23970,1823,21,7
143,36,D,1830,4341,447,31371,1868,14,0
144,45,E,6859,53561,1501,32389,1731,15,6
145,34,D,2323,5397,522,41640,2195,15,1
146,32,E,6948,1584,1389,31368,1950,17,5
147,56,D,2993,8086,530,18429,1642,12,2
148,48,A,5046,13792,1036,16401,1163,19,4
149,34,E,9258,25918,1565,40801,1479,19,8
150,48,C,2518,3567,716,20941,1926,10,1
151,29,C,3556,11285,728,18069,1667,17,2
152,66,A,4770,22187,1310,37421,1221,19,4
153,59,B,6889,27192,1137,18447,1819,18,6
154,47,B,6801,14560,1303,37794,1745,19,6
155,40,E,8514,55685,1002,30761,1691,17,7
156,29,A,5223,26039,1401,18440,2602,14,3
157,63,A,3981,26810,750,32503,1573,17,3
158,43,B,7666,25379,1077,26775,1980,16,6
159,46,B,7011,9282,1367,22072,1860,16,6
160,41,D,2011,3553,415,36334,1279,15,1
161,33,B,6710,30479,1335,19267,2150,16,5
162,28,B,6741,15963,1244,35212,1437,19,6
163,24,E,9339,55741,1399,28660,1834,20,8
164,48,D,2181,5408,521,24658,1139,10,2
165,33,C,4133,2450,685,40961,1906,16,3
166,21,C,3259,12946,946,18676,1245,14,3
167,52,A,4789,25012,913,26001,1743,17,4
168,20,D,2600,6057,521,26262,1859,12,1
169,49,B,6199,28737,1273,16431,1936,16,5
170,53,B,6343,30748,1193,29923,1572,18,5
171,32,D,1870,3478,520,31659,1898,13,0
172,32,C,3703,11065,822,36069,1560,17,3
173,41,E,8105,25660,999,30127,1700,18,7
174,41,E,7554,62071,1851,39169,1561,17,6
175,65,E,8191,37139,1671,41631,2018,18,7
176,32,C,3804,400,693,16303,1813,18,2
177,26,B,8897,26304,1309,20011,1529,16,8
178,55,E,7908,57183,2098,17243,1470,21,7
179,40,A,5112,30590,1011,39986,1469,17,4
180,37,A,4878,21695,907,37845,1914,15,3
181,56,B,8834,27792,1183,37253,1593,16,8
182,46,E,7696,35616,1993,16347,1783,15,6
183,34,A,5053,29887,623,37653,2096,17,3
184,37,D,2732,4252,589,34464,1751,14,1
185,51,B,6362,20057,1241,25906,796,19,6
186,27,C,3184,4879,769,19496,1975,14,2
187,41,C,3308,14750,827,34327,1956,12,2
188,42,A,4802,26732,1110,18216,1806,19,3
189,39,A,4931,33184,938,36489,1281,14,4
190,42,C,3974,5259,607,40983,1403,14,3
191,40,A,4856,16060,1351,36200,1708,20,4
192,52,A,4915,23038,1057,28078,1463,17,4
193,49,B,7131,12510,1139,25699,1880,20,6
194,42,B,6541,15521,1175,32353,2040,17,5
195,37,C,3911,960,1044,38319,1794,18,3
196,33,A,4971,19702,1229,23963,2211,17,3
197,18,A,4609,29152,906,32577,1990,18,3
198,29,E,7708,49413,1897,16995,1171,18,7
199,22,C,3524,11140,799,38695,1527,14,2
200,17,B,7015,16736,1266,35790,1500,20,6
201,34,E,6641,27217,2257,39584,1413,21,6
202,32,A,4355,31472,1081,38031,2195,14,3
203,45,C,2403,4265,753,37096,2145,17,1
204,31,D,1887,4029,470,23948,1606,13,1
205,24,B,7017,17383,1272,24806,1738,17,6
206,64,D,2411,4308,520,15680,1832,13,1
207,40,B,5691,20431,1242,35980,1613,17,5
208,57,E,9115,45279,1845,39644,1239,18,8
209,39,A,5514,32485,1354,40932,1871,15,4
210,36,A,5435,35672,860,17840,1749,16,4
211,38,A,5090,25527,893,23296,1590,16,4
212,26,A,5211,40997,1107,26753,1991,15,4
213,47,C,3076,12803,855,30703,1228,15,2
214,55,E,7542,22108,1498,33285,1657,18,6
215,47,C,3830,4153,807,19718,1825,17,3
216,42,E,8023,80582,1477,41462,1099,18,7
217,37,C,3299,1755,860,17893,1633,15,2
218,45,E,6744,45626,1942,26169,1995,19,5
219,49,C,2972,10661,868,36502,1477,14,2
220,49,D,2450,4983,485,19379,1074,13,2
221,17,C,3272,7269,774,32592,1381,15,2
222,30,E,9542,48559,1709,39639,1735,17,8
223,49,C,3643,2389,808,35489,1929,15,2
224,47,E,8157,86729,2058,32036,1879,21,7
225,48,E,8853,65343,2083,25975,2170,18,7
226,41,B,8282,12910,1145,31996,1513,22,7
227,32,A,4686,28299,972,38204,1896,17,3
228,13,E,9126,76613,2247,32717,2159,19,7
229,47,C,3244,11119,1010,32719,1868,18,2
230,52,B,6889,16083,1148,34910,1805,18,6
231,39,C,3611,7916,1029,16539,1900,16,2
232,50,A,5166,13907,1448,22340,1795,17,4
233,52,C,3350,1574,805,22769,1764,13,2
234,36,A,4806,3871,981,27782,1729,15,4
235,46,E,6342,6019,2019,38635,1498,19,5
236,42,D,2135,3234,525,16039,1725,12,1
237,47,A,5981,33972,766,18125,1584,15,5
238,47,E,8199,22981,1942,20655,2100,18,7
239,47,B,6013,17963,1294,25154,2592,17,4
240,46,C,2830,845,1002,32099,2065,15,1
241,45,A,5638,9959,874,17864,1576,17,5
242,42,C,2969,7640,854,37561,1623,14,2
243,56,E,8846,3436,1776,21326,1999,22,7
244,18,D,1997,4457,476,40549,1951,13,1
245,50,D,943,2060,501,35953,1744,10,0
246,25,D,3500,9770,547,28008,1614,16,2
247,36,A,5202,34297,996,37977,1588,15,4
248,48,A,4980,32138,1050,19077,1176,16,4
249,48,A,5210,12756,681,23993,1600,15,4
250,49,C,3600,1909,717,28335,1375,17,3
251,41,C,3184,4994,841,21848,1660,16,2
252,49,C,3582,8996,918,42049,1565,14,3
253,30,B,6425,14282,1115,25183,1513,18,5
254,58,D,3122,5980,591,38863,1184,9,2
255,47,E,7223,48891,1865,19135,1786,17,6
256,28,A,6085,30856,1134,38532,2221,16,4
257,49,B,7933,23328,1356,41220,1422,17,7
258,40,D,1582,2402,491,19529,1481,12,1
259,31,C,2686,10459,673,35399,2035,15,1
260,43,D,3060,6246,565,28282,1565,16,2
261,50,C,3277,7157,758,18114,1627,16,2
262,28,C,3721,11944,705,41231,1852,13,2
263,43,C,3124,5541,804,25388,1649,15,2
264,39,E,7244,34429,1704,20578,1882,20,6
265,68,D,1884,3909,521,40074,1168,15,1
266,24,D,1973,4099,564,33740,1686,10,1
267,46,B,7580,30889,1138,36574,1696,18,6
268,29,A,4816,21954,1162,37102,2175,19,3
269,27,E,8420,48731,1798,28951,1398,16,8
270,31,C,3609,7519,780,17828,1726,14,2
271,30,E,8189,61467,1795,27195,1554,19,7
272,52,C,3340,9304,967,36492,1228,15,3
273,32,D,1976,2070,482,28257,1921,16,1
274,67,D,3169,7185,457,30632,1506,11,2
275,42,A,4194,16514,968,31951,1682,17,3
276,37,C,3361,5714,941,18921,1698,15,2
277,38,A,5385,22991,1309,20100,1595,16,4
278,29,E,8678,46554,1597,25387,1455,18,8
279,40,A,5198,34177,959,38979,1497,16,4
280,39,B,9521,32482,1377,26116,1537,15,8
281,30,B,8231,16629,1102,16049,1667,13,7
282,47,D,3428,4467,492,34213,1915,16,2
283,44,B,7251,19881,1248,30588,1516,17,6
284,27,C,3331,5739,760,36015,1193,14,3
285,12,B,7373,10279,1162,18169,1692,19,6
286,40,B,5347,11740,1139,16327,1754,15,4
287,38,E,7179,61381,2050,24258,1889,17,6
288,42,C,3279,11194,753,40943,1750,14,2
289,29,D,3191,6400,451,40370,1035,11,3
290,30,A,5516,19423,986,28301,991,14,5
291,61,E,8497,72518,1723,26119,1648,18,7
292,40,D,3378,6350,468,36951,2290,15,2
293,54,A,4958,35917,1252,37183,1615,16,4
294,50,E,7919,43332,1519,17944,1481,21,7
295,45,C,2863,5746,829,21251,2190,16,1
296,50,E,8423,50662,1670,20985,1693,20,7
297,28,C,3727,7529,772,34733,2052,14,2
298,46,B,7889,26614,1309,17840,2146,18,6
299,46,C,2986,2710,945,16329,1517,10,2
300,35,E,8084,38372,1866,18602,1508,20,7
301,37,D,2746,7618,462,15732,1694,12,2
302,50,A,4390,28818,1163,35616,1114,19,4
303,33,E,7690,34296,1369,35751,1809,19,6
304,50,E,8699,49680,2197,18943,2032,19,7
305,45,E,8298,62206,1509,35773,1903,16,7
306,46,B,6423,20130,1263,40049,2372,18,5
307,45,D,2764,2630,466,22390,1653,13,2
308,33,E,8417,18992,1338,23237,,,
309,31,D,3071,2974,448,39879,,,
310,25,C,4204,14175,837,23726,,,
311,48,D,1896,4414,498,20193,,,
312,29,D,2949,5935,577,21241,,,
313,36,D,2387,2854,418,41630,,,
314,28,C,3435,10323,930,32098,,,
315,46,D,2274,6688,594,20541,,,
316,23,E,8726,20628,1443,32935,,,
317,38,C,3474,3462,723,30732,,,
318,26,C,3431,16211,1111,29802,,,
319,33,D,3693,9318,442,31862,,,
320,49,A,5440,18246,1211,16373,,,
321,27,B,6927,19640,1164,19058,,,
322,37,A,4132,20730,1069,29607,,,
323,30,E,8296,73855,1776,18878,,,
324,46,D,1981,2616,510,19754,1897,11,1
325,43,E,7667,43346,1718,21350,1927,15,6
326,49,E,7626,31933,1767,31385,1582,17,7
327,46,C,2804,5133,850,34615,1442,15,2
328,35,D,850,1247,498,35989,1533,16,0
329,27,B,6443,19045,1079,22616,1565,16,5
330,41,C,4047,12751,815,31473,2030,12,3
331,23,C,3299,8066,820,41690,1808,12,2
332,33,E,8080,26367,1736,16196,1952,16,7
333,34,B,6655,23899,1206,29502,1960,17,5
334,53,D,1609,3333,612,31277,1821,10,0
335,52,B,7606,32572,1141,36022,1186,15,7
336,34,B,6761,29136,1244,23113,1990,19,5
337,49,B,7178,16842,1096,30893,2092,16,6
338,60,E,7792,121875,1664,30220,1180,19,7
339,42,C,3567,13754,945,29536,2174,11,2
340,40,B,8111,36326,1317,36704,2031,20,7
341,54,A,4912,31657,1044,19986,2355,16,3
342,48,D,1854,3900,475,17233,1360,7,1
343,39,E,6648,22812,2113,24720,1650,20,5
344,28,D,1975,3104,540,32062,1629,9,1
345,33,D,1156,1560,457,21599,1520,14,0
346,38,D,2497,5588,542,38104,1658,13,1
347,32,C,3876,11475,763,23740,1914,18,2
348,31,C,4348,316,736,30894,2067,11,3
349,31,C,3235,10336,775,16949,1593,15,2
350,39,D,3153,3736,565,41714,1311,15,2
351,32,A,4717,38514,1044,30588,1766,17,3
352,41,C,3980,8014,802,19310,1588,15,3
353,47,E,8205,87190,2210,30522,1620,18,7
354,41,A,4809,18512,1070,36606,1361,13,4
355,39,C,3397,12339,836,17261,1404,13,2
356,43,B,7785,17217,1198,41151,1200,19,7
357,32,D,2266,4539,403,30942,1796,11,1
358,34,E,7106,40195,1617,33401,1458,22,6
359,55,C,3399,93,865,30999,1444,18,2
360,45,B,6844,15165,1230,38726,1843,15,6
361,52,D,1894,3496,502,16133,1354,13,1
362,40,A,5677,36048,519,19005,2013,17,4
363,30,B,5141,10511,1162,31421,1596,18,4
364,46,E,8283,39207,2128,17682,1638,19,7
365,45,D,2561,3549,513,38830,1896,14,1
366,41,A,4718,25621,790,41363,1286,16,4
367,39,B,5664,16850,1070,35109,1406,14,5
368,21,C,3738,4955,769,37026,2105,18,2
369,43,C,3522,7974,849,26196,1552,16,2
370,52,D,2512,5467,543,29246,1791,15,1
371,26,C,3713,8529,726,16151,1899,16,2
372,50,E,8274,63581,1824,23799,1220,18,8
373,50,B,5109,13315,1244,29676,2137,18,3
374,54,E,8403,54926,1246,41943,1664,21,7
375,38,A,5054,32095,1020,37443,2169,17,3
376,40,E,7857,26587,1312,16770,2162,19,6
377,40,B,5533,12065,1398,19452,1477,16,5
378,22,E,9010,103386,1472,23193,2062,23,7
379,53,D,3416,4370,552,31292,1208,12,3
380,34,C,3365,9492,574,25126,1809,19,2
381,36,B,7699,13116,1186,38185,1765,14,6
382,43,B,6586,14829,1245,19553,1845,17,5
383,33,B,7837,33092,1158,36007,1241,17,7
384,21,C,3298,6420,800,37628,1388,16,2
385,52,E,6108,40885,1333,26613,1610,21,5
386,65,D,2232,3953,542,22244,1249,11,1
387,35,B,6047,15998,1102,37589,1662,15,5
388,33,C,3654,8884,960,36910,1605,14,3
389,54,D,2727,5601,429,27195,2126,10,1
390,28,B,6487,26418,1065,39394,1972,20,5
391,61,E,8772,58185,1666,37051,984,17,8
392,22,A,4873,32612,957,34423,1941,17,3
393,38,B,7780,42641,1218,36527,1443,16,7
394,52,B,6534,33924,1136,31866,1708,18,5
395,54,A,4077,25990,805,28857,1979,17,3
396,59,A,5061,24648,780,18492,1863,16,4
397,24,C,3314,10434,984,39089,1608,13,2
398,34,C,3144,3310,762,16596,1636,15,2
399,49,D,2591,4814,460,19643,2099,12,1
400,45,D,1439,1753,499,22794,1931,10,0
401,61,A,4690,22499,1127,23842,1855,18,3
402,22,B,6679,25748,1267,27529,2018,16,5
403,14,A,4922,25939,1212,36869,1778,16,4
404,61,B,6292,7812,1165,26373,2211,19,5
405,57,B,7407,34501,1239,29564,1834,17,6
406,31,A,3694,10909,1127,17551,2002,20,2
407,51,C,2921,10592,831,31397,1917,17,2
408,51,D,1629,3832,402,41190,1551,11,1
409,43,E,7929,39188,1695,35273,1707,20,7
410,60,A,5076,36758,1072,27270,1835,20,4
411,51,C,3029,8844,846,34393,1990,15,2
412,37,A,5561,39577,1013,20211,1412,18,5
413,25,E,7234,31593,1524,37652,2032,18,6
414,28,E,7880,27833,1831,33844,1046,19,7
415,38,B,7214,28353,1238,16293,1547,15,6
416,46,B,6549,23355,1074,38909,1879,18,5
417,46,E,8190,95820,1915,33060,2586,21,6
418,34,B,7288,25888,1233,26685,2074,15,6
419,58,A,6002,35068,1157,28274,1753,21,5
420,28,B,6198,22377,1183,41020,1868,18,5
421,46,E,8096,66240,1883,33263,1868,20,7
422,38,B,6185,26373,1174,40908,1485,19,5
423,51,D,2610,3207,507,17794,1325,13,2
424,26,C,3210,5939,1087,32421,1507,13,2
425,44,D,3221,7586,527,22996,1267,16,2
426,35,C,3360,1048,568,23917,1624,16,2
427,51,A,5109,35902,1200,21481,2025,18,4
428,36,E,7721,61028,1367,17295,1462,19,7
429,47,A,3867,23205,1416,30094,1608,15,3
430,49,E,7447,37463,1587,29908,1326,17,7
431,34,B,7388,19193,1236,31049,1500,15,6
432,48,A,5824,30089,651,21175,1900,15,4
433,40,D,1951,2265,574,17266,1213,15,1
434,36,C,3604,10701,621,36084,1106,14,3
435,23,B,7138,15903,1339,21562,1814,20,6
436,42,B,5356,7648,1246,35810,1542,14,4
437,41,B,6710,19740,1284,18308,1491,18,6
438,18,B,7100,20908,1221,36986,1807,16,6
439,35,C,3522,3973,939,38405,1425,14,3
440,29,C,3486,5787,819,20814,2089,14,2
441,64,E,8565,39243,1861,18081,1998,16,7
442,37,D,2960,7947,479,18323,1934,9,2
443,41,C,3723,14525,832,24906,1173,16,3
444,31,C,3071,3989,987,20178,1840,16,2
445,57,D,1714,2797,435,17086,1886,14,0
446,42,B,5273,21347,1107,36252,2416,19,3
447,40,D,3341,7318,456,34976,1695,5,2
448,46,E,7989,30781,1509,25429,1461,19,7
449,51,C,3399,8406,887,24228,1994,15,2
450,42,A,5217,36717,1347,30037,1358,17,4
451,41,B,5010,6740,1173,20092,1370,16,4
452,40,E,6725,48001,1597,37186,1809,17,5
453,37,E,7363,39465,1247,38125,1754,19,6
454,40,B,6472,17614,1180,28855,1514,15,5
455,31,A,5218,20106,1106,30607,1602,18,4
456,29,A,4547,39599,1313,22908,1870,17,3
457,34,E,8541,43704,1211,27894,1347,21,8
458,65,A,5481,27260,836,16873,1856,16,4
459,58,A,5177,25509,760,29468,1881,18,4
460,52,C,4087,4026,850,17696,1689,16,3
461,25,A,5415,27746,812,21679,1948,15,4
462,38,B,6972,21542,1218,22509,1111,20,6
463,45,A,5442,25287,999,40949,1388,13,5
464,45,C,3714,7499,794,15894,1778,13,2
465,24,D,2702,3753,413,27666,1166,13,2
466,39,B,7127,23221,1477,33049,2092,15,6
467,43,A,4471,29495,1348,32907,1244,18,4
468,26,B,8939,24075,1366,37770,972,19,8
469,40,C,3066,5972,846,22732,1663,11,2
470,43,E,7467,89907,2160,33700,1123,22,7
471,40,A,4997,25033,695,39377,1344,18,4
472,39,C,3993,7805,807,28088,1675,13,3
473,46,D,1997,3109,510,40580,1947,11,1
474,34,B,3993,18974,1192,27615,1535,19,3
475,45,E,7358,41398,1435,33681,2099,18,6
476,39,D,3231,4186,528,22789,1527,13,2
477,31,E,7696,15478,1705,30933,1824,18,6
478,38,D,2245,3764,514,17898,1581,13,1
479,27,C,3081,7354,610,40032,1445,17,2
480,45,C,3428,16132,858,22299,1501,11,2
481,36,E,8668,53971,1317,27536,2038,19,7
482,50,E,8359,72218,2231,33759,1449,19,7
483,35,C,3837,7755,822,34624,1828,16,3
484,62,C,4310,4621,848,25156,1909,12,3
485,31,E,6689,17074,1687,34723,2024,18,5
486,14,E,6874,39097,1977,40942,1313,19,6
487,34,D,2263,5160,517,32531,1106,11,2
488,45,D,3018,6984,454,32369,1653,13,2
489,40,B,7322,34389,1265,41886,1066,15,7
490,20,A,4962,37257,623,29829,2118,17,3
491,39,E,8704,36874,2044,16900,2102,15,7
492,27,C,2799,2894,872,29151,1726,15,2
493,50,B,8377,23117,1277,40444,1822,18,7
494,38,E,7742,44134,1250,15620,2089,19,6
495,30,B,7661,17826,1154,34273,1841,18,6
496,28,C,3793,11519,695,34610,1884,15,2
497,49,D,3127,3697,454,26904,1727,8,2
498,37,B,6119,12623,1237,17876,1840,14,5
499,24,E,7451,34307,2462,23068,1871,21,6
500,44,C,4217,12509,759,32134,1978,19,3
501,49,A,3778,26820,1192,36021,1283,15,3
502,42,D,1856,2488,536,32794,1390,14,1
503,52,B,6626,20980,1086,29444,2768,20,4
504,37,C,3450,7472,643,35251,2219,14,2
505,45,C,3331,8469,839,34548,2270,13,2
506,60,D,2651,5646,488,30524,1855,15,1
507,26,E,9257,27692,1700,16397,1802,16,8
508,32,A,4361,16440,1133,29136,2102,19,3
509,44,A,5208,24336,1112,20097,1713,15,4
510,29,B,6542,25464,1269,28570,1663,19,5
511,42,E,7369,27226,2263,39616,1543,19,6
512,29,D,2798,6908,542,21784,1751,12,2
513,53,B,5667,18211,1148,35542,1966,17,4
514,39,E,8014,81070,2322,27770,1745,20,7
515,36,B,6735,21956,1226,26802,1382,16,6
516,49,B,8618,28937,1223,41288,1371,16,8
517,56,A,4239,26551,1059,20912,1621,14,3
518,52,E,7806,40354,2121,26302,1856,15,6
519,37,E,9392,38528,1231,18911,1683,22,8
520,47,D,2119,4807,496,28319,1646,17,1
521,37,C,3388,7782,1016,39750,1855,14,2
522,36,C,4041,5261,859,34927,1230,15,3
523,30,D,3352,7336,528,32531,1778,11,2
524,24,E,7143,70058,728,38504,1685,14,6
525,53,C,2750,7511,840,34036,2077,16,1
526,31,E,8632,26739,1903,36355,1537,20,8
527,43,C,3541,6078,993,23963,1747,10,2
528,41,B,8045,32281,1253,29099,2135,22,6
529,62,C,3650,10583,735,24526,1474,14,3
530,28,C,3245,3862,812,17580,1661,14,2
531,57,D,2068,4195,479,40892,1281,14,1
532,51,A,5541,30464,912,38113,2189,17,4
533,36,E,8284,75132,1757,34415,1376,16,7
534,29,C,2672,9220,845,33301,1640,16,2
535,34,A,5037,31757,1131,27368,1755,16,4
536,24,D,1814,1672,536,29409,1171,14,1
537,56,C,4126,13570,811,41088,1918,14,3
538,35,D,2726,5367,439,27605,2105,13,1
539,38,D,1747,2180,498,16233,2241,12,0
540,44,E,7233,38687,1990,36216,1526,20,6
541,69,E,10384,64787,1088,38940,1946,18,9
542,35,A,5037,14696,1161,37361,1378,16,4
543,59,E,8655,12277,1987,21192,1513,18,8
544,37,D,970,1847,508,18688,1586,11,0
545,38,A,4946,37668,1109,22852,1596,17,4
546,54,D,2071,4283,489,30029,1667,15,1
547,54,D,1830,3361,426,40974,1982,12,0
548,36,C,3448,5353,743,29122,1434,15,3
549,51,B,9486,25352,1118,28791,1645,15,8
550,34,B,7343,21391,1244,37547,1985,18,6
551,24,D,1919,1471,505,34791,1552,9,1
552,53,E,7918,38093,1917,29427,2036,15,6
553,47,A,5401,39945,991,33063,1421,14,4
554,33,D,2719,5247,459,27746,1750,12,1
555,35,E,8683,26876,1465,16805,1872,17,7
556,25,E,7402,58956,2109,33397,1369,18,7
557,43,E,7456,46750,1202,28166,1775,19,6
558,30,E,9095,78504,1675,33188,1500,17,8
559,34,D,2571,6664,430,25242,1525,10,2
560,56,C,4003,7161,820,16449,1946,15,3
561,37,A,5847,23926,1098,22498,2100,13,4
562,34,E,8599,98734,1295,37847,1694,19,7
563,41,A,5107,7207,1265,23714,1895,18,4
564,46,E,7991,41868,2040,40875,1726,19,7
565,47,A,4588,33372,829,40605,1916,14,3
566,36,A,4805,7053,880,31940,1773,16,4
567,36,D,2490,5962,518,25690,1538,14,1
568,49,E,7438,76217,1622,23469,1447,18,6
569,52,B,5403,16735,1245,39770,2147,17,4
570,51,A,4708,7340,599,32171,1377,16,4
571,42,E,8448,25252,2478,27848,1637,20,7
572,16,D,2610,4356,487,37294,851,11,2
573,29,A,5319,10378,1347,21894,1339,18,4
574,55,B,7776,19360,1290,41339,1614,19,7
575,42,C,3492,11036,676,19327,1653,16,2
576,34,D,1851,2840,463,37250,1274,14,1
577,40,A,5218,27018,1046,36226,1492,18,4
578,47,A,5654,31121,1059,21282,1935,18,4
579,39,D,2499,5955,493,40932,1972,15,1
580,40,B,5811,31520,1159,22931,1600,14,5
581,55,B,7377,8015,1176,37460,2230,18,6
582,43,E,7607,38939,1874,24957,1318,16,7
583,38,A,4752,18094,1193,41705,2040,19,3
584,35,D,2176,5288,568,15815,1421,12,1
585,33,D,2196,2355,435,28909,1686,13,1
586,42,E,9068,48246,1735,19901,1579,16,8
587,50,E,7388,57718,2499,41779,2002,15,6
588,43,C,3360,6905,866,33819,2379,15,1
589,55,E,7619,70743,1628,16019,1374,22,7
590,30,A,5449,23812,1242,34944,1651,18,4
591,57,A,5243,30530,1204,40665,1408,17,4
592,41,B,7232,19858,869,41000,1547,18,6
593,65,D,3487,7319,495,30231,1268,12,3
594,37,B,6121,10575,1266,38974,1606,16,5
595,36,C,3512,9448,804,23355,989,14,3
596,48,B,7421,23706,1053,28837,554,20,7
597,29,A,4747,17821,927,40990,1477,14,4
598,49,C,3692,3093,748,33057,2263,18,2
599,48,B,9251,6611,1076,23050,1754,16,8
600,46,D,2644,6045,427,28399,1958,11,1
601,51,D,2708,7737,526,39932,1545,12,2
602,40,B,8421,35844,1121,36970,1659,16,7
603,59,C,3971,3452,824,26409,1596,13,3
604,46,C,4126,7759,721,18194,1370,11,3
605,39,C,3224,722,834,40862,1213,14,3
606,40,C,3804,8630,719,34802,1403,17,3
607,38,D,2300,4207,463,36630,1533,15,1
608,45,C,2928,9808,747,25976,1373,14,2
609,46,A,5726,25464,1072,30353,1659,19,5
610,24,A,4547,30797,1461,22246,1031,16,4
611,49,A,4297,22933,1285,16146,2043,16,3
612,28,D,2649,7030,573,17476,1736,14,1
613,38,C,3623,1963,837,21737,1692,15,2
614,56,A,5517,29442,766,32588,1617,15,4
615,41,B,8269,29083,996,32373,1297,14,7
616,22,E,6775,12314,1435,29904,1451,20,6
617,37,E,8966,64121,1770,21803,1716,17,8
618,47,E,8887,93379,1483,35081,1738,17,8
619,41,B,6055,16964,1176,22517,1254,19,5
620,41,D,2139,3895,426,35141,1846,13,1
621,47,E,8517,74159,1718,38007,1623,19,7
622,58,D,2140,5381,444,35513,1955,15,1
623,43,C,3288,4890,636,28214,1922,9,2
624,42,A,3984,12545,667,16918,1859,15,3
625,46,C,3356,3842,962,40570,2163,13,2
626,58,D,3080,7310,601,36309,1691,15,2
627,48,D,2741,5125,482,29340,1742,12,1
628,39,B,5890,5308,1164,34673,1193,21,5
629,43,C,3469,3293,880,17766,1280,14,3
630,52,C,3023,12360,799,32916,1430,12,2
631,22,B,8707,29071,1380,32253,2270,21,7
632,33,B,8864,28835,1121,36824,1907,18,7
633,61,C,3428,2593,713,38621,1933,12,2
634,45,A,5545,16113,1003,31173,1267,15,5
635,36,A,4920,16337,960,20349,1574,17,4
636,45,C,3589,8173,826,16352,1882,14,2
637,36,B,9401,34912,1090,22961,1205,14,9
638,29,B,5075,12236,1079,36592,1932,13,4
639,40,E,8331,66977,1388,21409,1599,20,7
640,33,B,6701,19908,1136,30041,2079,16,5
641,30,A,4594,19081,1109,26495,1454,15,4
642,39,B,9627,29865,1265,20188,1540,17,9
643,57,B,5624,22170,1247,42035,2172,18,4
644,29,E,8652,65765,2437,23982,1854,19,7
645,50,D,1928,3298,521,28587,1508,14,1
646,46,B,7847,18996,1145,27999,1937,19,6
647,34,B,5940,18222,1238,19603,2118,18,4
648,55,E,7812,45165,1818,40869,1544,18,7
649,21,B,6267,23788,1247,29644,2022,21,5
650,42,E,7827,58236,2068,35687,1475,17,7
651,29,D,3051,7425,508,24987,1504,13,2
652,22,C,3210,3938,669,32413,1539,11,2
653,43,B,5655,18967,1088,34261,1943,18,4
654,41,B,5734,9612,1213,17242,1393,19,5
655,46,D,3207,6603,453,25701,2092,12,2
656,43,E,8847,6878,1292,37917,2448,18,7
657,45,A,4738,27498,1209,24926,1781,18,3
658,36,A,4290,26565,1149,41517,1408,12,3
659,49,C,3577,6901,867,41179,1947,13,2
660,25,A,4438,28893,1043,27332,1955,11,3
661,43,C,3739,11153,864,41753,1582,16,3
662,43,A,4570,34640,594,16093,1510,18,4
663,40,E,8502,54380,1791,21378,1610,20,7
664,36,D,2788,6233,364,27793,1635,11,2
665,56,E,7753,79182,1888,36865,1859,18,6
666,25,E,8295,27536,1991,34124,1596,16,7
667,58,E,9154,69550,1737,40430,1706,17,8
668,34,C,3247,8312,909,18938,1623,15,2
669,48,A,4857,35066,993,36916,2197,16,3
670,46,B,7873,24096,1183,23460,1167,18,7
671,51,B,7886,32512,1272,20087,1992,19,6
672,52,A,4521,20042,918,29722,2256,17,3
673,40,C,3397,8395,792,41127,1536,15,2
674,38,C,4212,1782,733,36907,1944,14,3
675,21,D,2006,3420,452,38505,1460,12,1
676,30,D,2670,4844,542,25938,2208,14,1
677,28,B,8148,39446,1062,37253,1486,20,7
678,42,C,4261,3891,977,41344,1282,15,3
679,48,A,5726,21882,952,16615,1569,16,5
680,47,D,1352,2914,522,15716,1733,11,0
681,41,E,6003,42579,1402,30817,1595,20,5
682,16,E,7759,73343,1710,19949,1996,20,6
683,27,B,6484,15913,1050,36557,2134,16,5
684,41,B,7608,7675,1313,21203,1491,19,7
685,60,A,5805,33800,962,29761,1672,18,5
686,59,D,3248,5112,539,21329,2277,9,1
687,57,E,8028,40737,1562,23288,1642,18,7
688,39,E,7777,59885,1835,19025,2134,17,6
689,23,D,2889,6018,527,20035,1621,13,2
690,47,D,2384,3922,450,34408,1757,15,1
691,50,D,3099,4303,472,26502,1899,12,2
692,46,A,4732,19478,1015,18300,1457,16,4
693,35,C,3664,8045,976,31603,2008,17,2
694,49,C,3706,5360,783,29558,1277,15,3
695,35,E,6930,41318,1807,25281,1720,20,6
696,41,D,2031,4377,408,31201,1044,13,1
697,31,A,5905,19576,950,19494,1829,17,5
698,41,E,8621,84712,2464,25079,1663,18,7
699,30,C,3747,6815,777,24584,1782,14,2
700,20,C,3427,1830,815,24769,1763,14,2
701,48,D,2984,4914,533,16562,1464,15,2
702,49,E,8146,70477,1501,30929,1239,16,7
703,29,B,6936,24018,1052,24290,1450,18,6
704,45,D,2000,4013,473,31416,1351,11,1
705,36,E,8101,8238,1961,18977,1961,16,7
706,34,B,7455,2959,1264,36784,1108,14,7
707,31,D,1700,3634,379,40605,1486,15,1
708,59,D,3122,4807,438,24520,2000,13,2
709,42,B,7630,19776,1246,31965,1499,20,7
710,29,D,2781,3805,516,34205,1467,12,2
711,36,C,3286,6904,776,33030,1609,16,2
712,53,E,9509,72200,2125,41030,1880,13,8
713,45,B,5756,8831,1137,40808,1388,17,5
714,49,C,2916,10454,644,18828,1948,15,1
715,47,B,6784,27785,1143,18813,2103,20,5
716,35,B,7248,14643,988,31648,1719,17,6
717,59,E,8666,25293,1404,24422,2022,18,7
718,35,C,4054,5913,707,37591,1699,13,3
719,49,D,2595,5289,480,26517,1799,11,1
720,35,A,4897,36527,1010,23952,1318,16,4
721,48,E,6364,32306,1169,36147,2063,16,5
722,51,D,2671,6090,593,20717,1541,14,2
723,52,B,7664,26829,1292,40891,2166,20,6
724,29,B,8551,8066,1193,25011,1692,16,7
725,49,C,3430,1797,633,19191,2171,17,2
726,43,C,3380,701,727,16034,806,15,3
727,43,D,1707,3917,582,32094,2079,12,0
728,49,E,7647,34742,1842,30548,1522,18,7
729,34,E,6936,46897,1943,41446,1909,18,6
730,43,E,8427,106411,1987,32882,1263,17,8
731,41,D,1832,3871,496,28509,1986,13,0
732,65,C,4008,9274,877,34775,2562,16,2
733,44,B,6352,17803,1272,27550,1637,17,5
734,53,A,5214,15737,827,41010,1400,17,4
735,56,E,7823,18551,1763,19273,1398,23,7
736,33,D,2216,5479,488,25294,1380,11,1
737,43,A,4217,15024,946,26239,1382,16,3
738,45,E,8641,55492,1023,23118,1822,20,7
739,43,E,8993,32315,1787,19903,2328,18,7
740,52,D,1580,2326,408,26549,1575,15,1
741,32,A,5353,28685,989,29792,1814,15,4
742,29,C,3810,7187,867,28519,1885,14,2
743,40,C,4232,752,931,23172,1955,14,3
744,31,D,2851,6439,443,29999,1356,16,2
745,46,B,6122,17382,1284,20421,1650,17,5
746,47,D,2524,4690,550,34077,1522,9,2
747,27,D,2876,4305,446,28286,2028,13,1
748,32,E,9567,63492,1579,34134,1547,19,9
749,20,B,5840,19700,1393,18868,1695,19,5
750,34,C,3104,15772,697,40890,1776,13,2
751,7,E,7467,13635,1718,40154,2010,18,6
752,38,C,3492,10183,972,29123,1558,17,2
753,29,E,8617,50140,1370,41001,1721,17,7
754,36,B,5718,14402,1365,37122,1536,19,5
755,47,E,8317,60037,1734,38063,1653,17,7
756,54,C,3149,2069,961,20114,1726,12,2
757,45,A,4627,21661,937,38149,1483,16,4
758,33,E,7815,45270,2006,34423,1479,17,7
759,46,A,5314,28931,1212,41097,1675,16,4
760,45,D,3237,6053,514,23275,1941,13,2
761,37,D,3315,4650,509,35909,1372,13,2
762,52,A,4651,22251,972,32682,1791,17,3
763,54,B,7869,30292,1239,23623,1950,15,6
764,46,D,1985,4367,467,37874,1788,12,1
765,43,C,3397,5932,944,37316,1506,17,2
766,26,A,5026,26903,1160,41932,1404,18,4
767,35,D,2674,5182,436,21530,1373,14,2
768,36,D,1950,5311,472,40066,1871,16,1
769,52,C,3007,8165,759,33651,1824,14,2
770,35,A,5360,26805,782,30204,1416,15,4
771,53,B,5161,11169,1104,18917,1912,19,4
772,28,E,8243,86653,1734,20139,2074,16,7
773,31,D,1706,2171,506,28477,2330,11,0
774,34,A,5830,45548,1301,33450,2043,13,4
775,59,A,5811,16967,831,22634,1935,18,4
776,35,C,4409,8838,835,34300,1800,16,3
777,50,B,7291,17581,1331,37389,1969,19,6
778,48,D,2476,4220,487,24452,2478,15,0
779,34,A,5672,26193,1296,33993,2206,14,4
780,57,E,8075,46324,1254,24780,1880,19,7
781,41,A,3831,25239,1112,34816,1538,17,3
782,56,C,3541,17743,803,39977,1879,14,2
783,63,D,2251,1880,499,22760,1967,11,1
784,46,C,4088,12289,798,16622,2323,13,2
785,58,C,3986,11156,685,27881,1813,13,3
786,30,A,4313,27164,905,27764,1346,15,3
787,41,A,5523,32215,1267,20368,1247,17,5
788,45,E,8597,65961,1156,18711,1342,20,8
789,30,B,6415,13229,1082,41595,2065,17,5
790,54,D,2885,8153,414,18180,2112,13,1
791,34,B,6110,14194,1155,37854,1903,17,5
792,41,B,8168,27257,1143,27801,2217,16,6
793,23,D,1866,4699,407,25628,1936,9,0
794,44,D,2934,7452,525,38323,1689,11,2
795,46,B,8631,33730,1234,36987,1799,18,7
796,21,E,8550,76412,588,23366,2051,18,7
797,45,D,3105,4000,426,33219,1323,12,2
798,53,E,9310,49593,1983,40208,1459,24,8
799,54,B,7846,20530,1149,22765,1991,14,6
800,33,D,2545,3963,482,20363,2013,13,1
801,59,E,8393,15760,1667,31182,1752,17,7
802,49,D,1592,2725,503,17626,1557,14,1
803,39,C,3201,2817,841,18336,1324,16,2
804,57,B,8288,21024,1274,25425,2475,16,6
805,25,C,4040,5609,857,35358,1657,12,3
806,41,D,2466,4742,480,34815,1337,14,2
807,25,D,2257,4673,482,40176,1575,12,1
808,45,E,8318,17939,1697,37051,1351,22,7
809,47,E,8485,79238,1353,19627,1751,17,7
810,48,D,2073,3279,572,40149,1860,17,1
811,33,D,1984,2909,486,23967,1608,13,1
812,50,C,3882,11439,830,32767,1847,15,3
813,57,D,2579,4945,520,21874,2324,14,1
814,33,A,5018,23826,1187,20034,2023,20,3
815,51,A,4313,33572,1106,32318,1536,16,3
816,34,D,1750,2710,482,15627,1948,18,0
817,41,D,2952,6194,488,28787,2049,16,1
818,49,A,3674,23888,916,35820,1538,14,3
819,29,B,5023,19268,1180,38395,1597,18,4
820,41,C,3107,9095,649,35627,2090,16,2
821,60,E,8397,41789,1274,25237,1929,19,7
822,57,E,8152,31189,1906,19222,1533,19,7
823,38,C,3565,10104,821,19472,1589,12,2
824,58,B,8099,34665,1240,16931,1564,15,7
825,47,C,4250,6386,986,35297,1980,11,3
826,38,E,8649,58655,2297,24813,1187,19,8
827,44,D,2523,4715,468,20705,1926,11,1
828,38,A,4997,36750,812,37306,1810,15,4
829,36,D,1904,4797,456,28603,1769,16,1
830,45,D,2443,6181,463,20967,1654,13,1
831,72,B,7020,8230,1016,38190,1618,15,6
832,34,E,8324,30876,1760,41333,1590,20,7
833,52,A,5086,34383,897,30575,1837,16,4
834,43,E,6731,30508,1946,23719,1918,13,5
835,54,E,7148,35934,1918,41325,2066,17,6
836,46,C,3752,14284,658,38177,1380,13,3
837,44,A,4437,10931,1012,33173,1786,17,3
838,41,E,9141,52392,1937,19474,1735,19,8
839,47,E,8433,38783,636,38340,1760,16,7
840,50,B,5394,22285,1201,19353,1760,16,4
841,54,A,4806,26900,1017,23500,1391,16,4
842,47,E,8378,30579,1666,21374,1347,19,8
843,43,A,4715,17717,1314,32977,2424,16,3
844,33,D,2214,3277,517,19015,1591,13,1
845,38,E,6742,33871,2070,25278,1257,20,6
846,50,A,5434,30706,1075,38112,1772,19,4
847,45,D,1191,2643,445,16987,2338,15,0
848,40,A,5559,23211,1141,25903,1848,20,4
849,18,E,7908,69522,1481,38766,1801,19,7
850,27,C,3254,7635,765,16787,1517,14,2
851,22,C,3221,4445,838,41200,1738,15,2
852,35,E,8033,71124,1955,37680,1749,15,7
853,32,C,3505,8943,730,33192,1512,17,2
854,48,D,3155,4682,522,28378,1409,14,2
855,60,E,7038,37538,1759,28515,1588,22,6
856,51,C,3543,10502,835,17823,1544,17,2
857,48,B,5662,22068,1181,38763,2252,16,4
858,26,B,8914,26791,1109,32230,1109,18,8
859,37,A,4998,16641,1089,41400,1715,14,4
860,32,C,3392,4090,758,20152,1982,16,2
861,38,E,7524,54848,1391,31468,1064,16,7
862,40,C,2745,5812,893,21972,1992,13,1
863,38,E,8572,55474,1861,20683,1861,18,7
864,28,D,1332,2810,464,39883,1568,11,0
865,35,B,7601,17568,1268,26836,1477,17,7
866,54,B,6180,19819,1205,32092,2112,16,5
867,29,E,7668,30798,2016,16128,1478,17,7
868,42,A,3940,21081,888,26885,2107,18,2
869,38,E,7582,84148,1107,30920,1488,17,7
870,38,C,3836,11819,868,18071,1700,10,3
871,53,B,6292,18487,1358,23253,1011,16,6
872,30,B,6148,14776,1163,39260,1527,19,5
873,25,B,6786,19953,962,36900,1611,17,6
874,33,D,3234,2275,458,28521,1347,11,2
875,36,B,7435,16942,1168,40210,1424,16,7
876,37,E,8583,36545,1088,20999,1717,17,7
877,37,B,6817,30518,1319,15677,1776,18,6
878,34,D,2883,3415,479,35086,1182,10,2
879,57,C,4141,10318,891,28780,2237,13,2
880,36,B,8183,23936,1243,32386,1358,18,7
881,50,E,7629,64109,1280,22667,1584,17,7
882,52,C,3456,4784,550,38354,1448,14,3
883,49,B,8396,32325,1350,19803,1965,16,7
884,34,B,6213,15013,1342,41274,1926,18,5
885,32,D,2949,5547,483,16982,1595,14,2
886,36,A,3960,25009,1127,31999,1197,18,3
887,30,A,4839,22037,1250,37869,1690,15,4
888,40,C,3789,4174,1064,29752,1989,14,2
889,47,D,1680,4727,500,21680,2113,14,0
890,54,C,3276,6884,707,41670,1771,14,2
891,37,D,1920,3905,507,29015,1499,12,1
892,50,B,5016,15648,1216,41727,1946,19,4
893,23,A,4357,21095,1107,26645,1658,16,3
894,28,E,9371,92781,2645,18736,2104,15,8
895,31,E,7209,9631,1561,18397,1773,18,6
896,46,C,3429,11897,779,19435,1960,13,2
897,53,D,2986,2851,555,25906,1730,13,2
898,46,C,3550,5451,816,38146,1188,15,3
899,40,E,8645,21592,1885,26779,1874,21,7
900,28,A,4466,16058,935,20917,2242,17,3
901,39,A,5283,25549,1058,37375,1849,16,4
902,53,A,4975,20494,825,21644,1912,17,4
903,31,D,1830,3095,602,39402,1822,13,1
904,48,B,7531,29313,1305,20445,1963,16,6
905,39,D,3125,8008,523,42075,1434,13,2
906,58,A,5393,27240,871,23968,1846,14,4
907,57,B,4938,11679,1268,37957,2107,17,3
908,35,E,8049,63534,1606,28209,1565,21,7
909,27,D,2558,3316,518,30729,1786,12,1
910,28,B,7963,35131,1364,24614,1979,13,6
911,44,A,5913,18670,1346,20740,2291,18,4
912,32,B,6472,26868,1439,23327,1614,16,5
913,38,B,5840,11048,1246,33530,1224,21,5
914,40,C,3442,1109,662,18232,1912,14,2
915,44,C,3453,8625,936,41439,1017,15,3
916,53,C,3593,5890,650,16257,1609,12,2
917,23,C,4693,10283,765,19029,1954,13,3
918,55,A,5351,21149,1047,24924,1730,15,4
919,32,D,3137,3124,477,37082,1675,13,2
920,32,C,3452,8650,712,26169,1854,15,2
921,33,A,5526,29099,1152,33113,1978,14,4
922,45,D,2213,4215,450,18397,1691,12,1
923,59,E,7823,70569,1362,31177,1752,20,7
924,35,B,6857,20420,1080,19311,1457,18,6
925,41,A,4709,23069,1115,34719,2227,13,3
926,41,D,2193,4704,458,40868,1631,10,1
927,39,B,7341,18058,1190,37082,1756,17,6
928,37,A,5009,36702,1081,38286,1335,18,4
929,35,D,2640,8318,472,29923,1907,13,1
930,52,C,3478,7535,1023,18843,1350,14,3
931,23,D,3142,5742,505,27904,2273,14,1
932,37,A,4965,36759,796,24095,1609,18,4
933,34,A,4628,33293,859,41322,2086,13,3
934,28,E,9338,66444,1336,22097,2297,19,8
935,56,A,5597,35155,1155,18961,1439,16,5
936,38,B,6883,18750,1355,31004,2542,17,5
937,29,E,7856,21722,1319,41055,2265,19,6
938,33,E,8106,43818,1521,15994,1529,16,7
939,43,E,7824,28669,1721,17726,1694,17,7
940,35,C,3842,15380,875,36496,1519,16,3
941,23,B,6858,21484,1253,21917,1728,20,6
942,41,B,7346,21124,1228,31686,1552,17,6
943,34,B,6413,19622,1258,15888,1813,17,5
944,31,C,3115,973,822,21011,1200,12,2
945,27,B,6051,21604,1354,18720,1301,18,5
946,56,E,7522,10064,1808,17344,1436,18,7
947,48,A,4797,42529,1086,36830,1515,15,4
948,41,B,7245,11955,1358,33193,1559,13,6
949,29,B,5998,20331,1268,21797,1775,20,5
950,34,A,4045,9492,753,20151,1804,22,3
951,51,B,7329,17606,1060,24137,1410,18,6
952,29,D,1924,3985,517,37514,1530,11,1
953,46,A,5281,22039,1269,36614,1112,15,5
954,29,A,4942,25716,1097,26361,1673,17,4
955,32,A,4985,20234,920,32790,1447,14,4
956,34,C,3499,14801,903,34792,1815,14,2
957,42,B,10024,41547,1069,36234,1030,16,9
958,35,B,6638,18399,1172,18317,1669,18,5
959,59,E,7942,72895,1609,38289,2204,20,6
960,51,D,2776,5637,588,24180,1942,11,1
961,42,A,5241,16516,1129,29294,2410,21,3
962,49,D,1794,4094,548,16902,1747,10,1
963,14,E,7949,30959,1613,17855,2113,22,6
964,37,C,3302,10597,765,17515,1634,9,2
965,49,C,3617,4502,688,32163,1914,13,2
966,44,E,7356,85807,1864,32220,1509,17,6
967,43,D,2516,4945,523,41054,1363,10,2
968,48,E,8553,80708,2028,35647,844,16,8
969,41,C,4140,4103,561,29450,1423,13,3
970,46,C,4108,11007,701,30842,1817,12,3
971,39,C,3074,8140,827,38163,1449,14,2
972,36,D,1868,5053,470,31730,1577,10,1
973,36,E,6861,33990,1845,24423,1218,18,6
974,48,D,2277,4763,510,38735,1578,9,1
975,43,B,4687,13962,1096,25993,2161,15,3
976,44,E,9273,49668,2126,23663,1338,19,8
977,50,D,1926,379,525,39579,1822,14,1
978,46,B,7406,29094,1160,32358,1264,17,7
979,43,D,3548,6363,474,36679,1521,13,3
980,25,A,5534,20340,1048,31950,1432,18,5
981,46,C,3594,8841,856,27122,2094,10,2
982,45,D,3447,8044,575,34148,1342,15,3
983,27,B,5989,17129,962,28974,1996,17,4
984,13,E,8207,49440,2234,35690,1936,19,7
985,42,C,3319,9614,716,18256,1679,14,2
986,48,A,4732,14711,778,39689,1357,14,4
987,52,E,8501,56425,1897,21586,1969,16,7
988,32,E,6949,1175,1558,26164,1805,17,6
989,40,B,6792,20817,1218,30365,1847,16,5
990,51,A,4491,27660,1268,36163,2252,16,3
991,33,D,2582,4572,481,26511,1493,13,2
992,53,E,8643,44305,1565,21974,1728,17,7
993,30,B,6051,19198,1295,17704,2115,17,4
994,37,D,2090,4731,581,20200,1891,13,1
995,38,D,2035,4866,489,29334,1545,15,1
996,34,C,3420,3842,1019,31329,1831,15,2
997,29,D,2377,3440,524,26247,1571,11,1
998,45,C,3164,10077,634,35285,1418,19,2
999,30,D,3580,5700,501,31220,1307,15,3
1000,42,B,7389,18793,1179,29897,2020,18,6
1001,48,C,3167,3719,833,40399,1857,14,2
1002,48,A,5875,28528,1074,30458,2024,16,4
1003,39,C,3418,12173,720,28561,1729,15,2
1004,30,B,4599,15784,1077,25832,1611,21,3
1005,32,D,2635,5930,492,31821,2257,15,1
1006,45,E,7822,70455,2089,29378,1618,20,7
1007,46,D,779,1456,445,28732,1679,12,0
1008,39,C,3362,5861,941,39527,1858,14,2
1009,31,A,5509,36413,990,23652,1492,14,5
1010,58,E,8660,46585,1913,30430,1287,21,8
1011,38,B,6135,27636,1206,40576,1818,18,5
1012,44,E,8767,3562,2216,19449,1692,17,8
1013,44,B,7151,34316,1133,31182,1988,14,6
1014,50,E,7261,22954,1646,35490,1082,19,7
1015,36,A,4830,22100,1170,36236,1585,11,4
1016,49,E,7483,58803,1694,28597,2238,17,6
1017,49,B,6929,22624,1177,16549,2109,14,5
1018,25,E,7924,22553,1694,30472,1160,18,7
1019,42,E,8626,88968,1875,35517,1473,19,8
1020,40,A,6143,25100,758,39040,2046,21,5
1021,43,A,4786,20355,1002,25267,2322,16,3
1022,47,B,7065,24974,1004,27881,1640,14,6
1023,35,E,7111,52146,1943,35305,1747,19,6
1024,60,E,6604,53003,1831,17044,1622,21,5
1025,48,D,3293,5759,473,29120,1673,11,2
1026,39,C,4099,17585,818,18411,1402,12,3
1027,44,D,2232,3668,578,21618,1845,12,1
1028,48,E,7961,97761,1818,28468,1724,17,7
1029,48,E,7426,49257,2189,20669,1190,20,7
1030,35,C,3405,912,928,25733,1555,15,2
1031,20,C,3369,6417,811,41756,1435,16,2
1032,33,A,4232,15932,901,26168,1234,13,3
1033,45,A,4761,24203,873,19446,2044,17,3
1034,29,C,3675,3028,799,22901,1444,15,3
1035,38,C,3900,3831,996,34998,2299,12,2
1036,27,B,5427,16705,1100,20332,1228,16,5
1037,23,E,8230,40295,1686,22603,2188,20,7
1038,53,C,4320,4563,598,25392,1473,14,3
1039,52,A,4677,24691,1401,28846,1665,18,4
1040,29,B,6860,26558,1248,17953,1816,17,6
1041,55,A,5336,19406,1066,25159,1745,18,4
1042,37,B,7009,28057,1282,37727,2091,16,5
1043,52,B,7688,34076,1190,17430,1198,19,7
1044,35,D,2910,5370,464,26404,1809,13,2
1045,53,A,4292,32609,842,41924,2072,18,3
1046,32,A,5291,34155,1034,18983,1699,18,4
1047,38,E,6955,24651,1881,40477,1635,15,6
1048,42,E,6673,61560,1369,34438,1679,17,5
1049,28,B,5767,24045,1037,34446,1716,16,5
1050,59,B,7498,23420,1359,31954,1390,20,7
1051,33,C,3043,10158,831,23360,1339,12,2
1052,35,A,5144,17774,907,17149,2264,15,3
1053,61,C,3728,10963,1035,25944,1411,16,3
1054,59,C,3915,4823,690,37501,1350,16,3
1055,47,A,4885,36891,1278,23910,1453,13,4
1056,36,A,4774,30440,981,24255,1478,16,4
1057,54,D,3117,3970,529,20897,1445,7,2
1058,25,A,4574,26637,1122,30712,1679,19,3
1059,53,B,6772,16914,1196,29744,2720,17,5
1060,34,E,7600,20411,1678,40917,1716,18,6
1061,54,E,8105,70274,1912,20627,1535,18,7
1062,24,A,5088,28888,726,20619,1301,17,4
1063,35,D,2511,6760,534,20791,1611,10,1
1064,34,E,8495,65508,1431,37345,1781,18,7
1065,26,C,3415,8396,777,28247,1128,16,3
1066,50,D,1971,2884,549,27789,2125,15,0
1067,39,B,6813,21959,1109,18920,1919,16,5
1068,28,A,4312,25525,817,26701,1718,16,3
1069,48,B,5609,21284,1257,32069,1680,17,4
1070,34,A,5334,21756,750,19773,1356,18,4
1071,33,A,5921,38222,1300,32170,1724,16,5
1072,26,B,7915,20350,1218,20981,2337,16,6
1073,43,B,7664,19483,1368,34724,1977,20,6
1074,51,A,5646,28363,936,36021,1650,16,4
1075,48,B,8057,21031,1276,39827,1609,20,7
1076,39,A,4718,21060,709,15751,1812,22,3
1077,34,E,8329,37617,1432,33119,1258,18,8
1078,19,A,4737,40119,1202,28030,2226,18,3
1079,33,D,2877,6446,499,32458,1955,14,1
1080,49,A,4863,26935,767,24468,1359,19,4
1081,32,C,3049,1240,518,15831,1814,19,2
1082,48,B,6271,35297,1200,30646,1741,20,5
1083,58,C,3197,8967,732,26730,2213,13,1
1084,57,B,7275,20798,1249,23385,1302,18,6
1085,33,A,4973,27033,1068,30502,2401,17,3
1086,37,D,1302,2969,442,37091,1383,13,0
1087,57,B,7358,36927,1007,18069,1793,13,6
1088,50,A,5065,19964,974,23325,1416,18,4
1089,26,E,6831,2133,979,41143,1688,16,6
1090,31,E,9250,103553,1464,20757,1461,21,8
1091,41,A,5141,4874,1085,36106,2005,15,4
1092,46,E,8136,83542,1550,35947,1528,18,7
1093,36,A,5615,16960,1071,34494,1572,14,5
1094,17,B,6198,22256,1182,16227,1513,17,5
1095,43,C,3572,17518,855,18357,2025,15,2
1096,40,C,3968,10971,768,22177,1837,16,3
1097,49,E,8266,38570,1829,21623,1435,17,7
1098,18,C,4064,2434,930,39565,1675,16,3
1099,40,D,1892,3622,491,41226,1538,13,1
1100,53,C,3510,7129,862,19377,1871,16,2
1101,46,C,3689,8403,1206,19136,1733,17,2
1102,61,A,4992,22317,880,38488,1057,17,4
1103,41,C,3448,1772,906,17497,1967,15,2
1104,35,A,5487,32532,1117,18805,1061,18,5
1105,44,A,5161,24676,835,17175,2154,18,4
1106,38,D,2965,2541,469,36972,1929,12,2
1107,36,E,8614,37054,1933,39273,1486,20,8
1108,33,B,5211,8106,1384,29151,2349,16,3
1109,32,B,6016,23336,1065,25852,2003,14,5
1110,21,A,4715,23128,979,20085,1408,17,4
1111,43,C,3226,2409,802,40569,2006,15,2
1112,47,C,4098,13510,777,40764,1772,16,3
1113,36,D,2891,7842,456,39426,1913,14,1
1114,38,B,7962,35166,1238,37725,1175,17,7
1115,52,E,7911,15890,1610,19632,1862,21,7
1116,24,B,6076,24094,1345,37034,2405,19,4
1117,63,A,5544,32275,801,25319,1728,16,4
1118,36,C,3818,5236,734,29283,1455,15,3
1119,41,E,8133,31949,1907,24784,1510,20,7
1120,59,E,7123,35643,2388,32289,1644,19,6
1121,58,A,5029,17652,606,31132,1456,18,4
1122,32,E,7847,52134,1471,20612,1608,18,7
1123,51,A,5653,35517,858,34526,1901,17,4
1124,35,C,3121,6238,946,33653,1859,16,2
1125,45,D,3098,4062,478,28401,1800,9,2
1126,48,A,4479,14933,1218,40692,1397,15,4
1127,34,C,3281,6079,894,40796,1952,17,2
1128,48,A,5481,32901,837,15621,1846,17,4
1129,45,A,5627,27779,1192,40555,1670,17,4
1130,34,D,970,1678,497,18365,2056,13,0
1131,28,A,3908,20271,951,35141,1930,13,2
1132,49,D,2647,4354,482,36964,1904,14,1
1133,32,C,2917,10079,619,29211,1882,12,2
1134,39,B,5887,21174,1314,26391,1722,19,5
1135,41,B,6579,11889,1240,27021,934,21,6
1136,41,E,8812,76859,1548,30476,1374,22,8
1137,45,B,6799,26342,1208,35609,1561,17,6
1138,50,B,7255,31461,1261,37811,1747,20,6
1139,38,B,6289,31706,1147,31960,2351,18,4
1140,44,C,4326,13658,753,36099,1543,17,3
1141,24,A,5601,29751,964,23656,2384,16,4
1142,43,E,8790,49583,1436,25921,1680,15,8
1143,38,E,7958,18810,1311,28807,1896,18,7
1144,42,E,9507,28501,1460,25961,1619,20,8
1145,55,A,5398,10681,1213,33701,1746,15,4
1146,55,C,2948,9011,540,36137,2136,15,1
1147,66,B,8617,26905,1066,23895,1304,18,8
1148,34,D,2448,3556,452,35220,1655,14,1
1149,34,D,3081,6014,425,19188,1688,13,2
1150,36,D,1871,2963,434,35265,1842,12,1
1151,29,B,6858,18717,1251,40396,1203,15,6
1152,40,E,6576,54391,1684,23778,1861,18,5
1153,39,C,3107,9513,628,22622,1789,12,2
1154,42,E,8590,20305,1382,30368,1824,21,7
1155,61,B,6835,11019,1317,34110,1373,21,6
1156,34,B,7356,15846,1389,39141,1621,17,6
1157,52,A,4443,35674,827,23341,1671,19,3
1158,56,C,3926,7408,711,22716,2133,13,2
1159,24,A,5631,24380,1089,36613,1896,14,4
1160,47,B,7538,15970,1209,37080,2104,16,6
1161,27,B,8958,22661,1300,20617,1389,12,8
1162,44,A,4753,20121,1245,24774,1331,15,4
1163,41,E,7057,60912,1871,23465,2075,20,5
1164,42,E,9471,47625,1258,29187,2073,18,8
1165,31,D,2273,3394,470,21332,844,13,2
1166,33,C,3631,3316,744,23297,981,18,3
1167,38,C,4380,12540,647,26007,1312,13,4
1168,35,A,4797,31519,1027,25547,691,16,5
1169,44,B,6994,7821,1201,35585,1887,22,6
1170,42,A,5088,9751,833,28781,1926,16,4
1171,54,E,9088,39251,1957,19368,1082,21,9
1172,47,C,3650,5826,913,37337,1924,14,2
1173,51,A,5643,26821,1153,17121,1904,14,4
1174,41,B,7907,23143,1335,32255,1883,21,7
1175,36,A,4533,30078,1121,26627,804,20,4
1176,16,C,3166,7970,859,18844,2082,16,2
1177,49,C,3745,3483,1025,33271,1835,19,2
1178,47,E,7350,13421,1858,16307,1466,15,6
1179,41,B,7856,11705,1149,36598,1233,18,7
1180,44,C,3311,8018,767,18187,2112,12,2
1181,33,B,8411,21716,1165,30713,1565,13,7
1182,38,C,3273,14476,639,20026,2010,12,2
1183,40,B,7989,26799,1300,29489,1430,13,7
1184,18,B,8091,17631,1276,41839,1286,19,7
1185,40,D,2266,4289,483,21810,1294,15,1
1186,30,E,7356,40036,1361,41620,1394,17,6
1187,24,A,4534,9000,638,36180,1815,20,3
1188,39,C,3614,6326,600,19187,1946,13,2
1189,34,D,3968,7025,512,37138,2014,14,2
1190,46,C,3308,1656,848,41062,1874,13,2
1191,25,E,6502,30465,1630,35377,1835,16,5
1192,44,E,8089,52267,1141,28059,1732,16,7
1193,42,C,3237,9766,857,19607,1092,16,3
1194,37,C,3424,5758,919,16240,1653,14,2
1195,46,D,3776,7914,496,35905,1613,10,3
1196,45,C,3340,7254,779,41099,1573,14,2
1197,54,C,3435,8297,741,19609,1357,15,3
1198,27,B,8169,20748,1218,24650,1260,16,7
1199,35,B,5752,15237,1222,22138,1672,16,5
1200,47,B,6826,11659,1348,39163,1231,18,6
1201,34,B,7934,31771,1268,25457,1763,16,7
1202,54,A,4666,20103,501,40916,2065,18,3
1203,40,D,2636,4955,538,17167,1793,17,1
1204,51,D,2751,10323,576,40228,1156,11,2
1205,48,D,2750,4533,482,32021,2476,11,1
1206,42,B,6447,23344,1131,33981,1416,19,6
1207,40,C,3936,8916,1021,21531,1440,14,3
1208,47,A,4671,23552,1226,35673,1500,16,4
1209,46,E,7741,49526,1958,40536,1934,15,6
1210,46,D,3154,4845,534,30234,1661,15,2
1211,46,C,3337,8325,867,35239,1854,14,2
1212,62,A,4740,32578,1040,16152,1680,18,4
1213,24,B,7261,18350,949,16905,1260,20,7
1214,39,B,6647,13676,1191,24467,2072,18,5
1215,40,A,4229,15751,1526,31065,1838,19,3
1216,40,A,5422,35108,1017,21921,1432,18,4
1217,38,E,7857,24119,1908,41291,1492,17,7
1218,16,B,5722,25900,1137,37245,1715,21,5
1219,46,A,4681,13911,969,16013,2330,13,3
1220,30,B,5064,17765,1162,36358,1446,19,4
1221,31,C,3046,4746,862,40862,1930,19,2
1222,42,C,3590,11099,813,23445,1796,19,2
1223,30,A,5189,32625,1008,34066,1669,17,4
1224,50,B,7706,22920,1298,17763,1563,18,7
1225,37,A,5589,17510,1359,17269,1407,16,5
1226,47,D,3295,8132,423,26297,1679,9,2
1227,37,B,7807,34026,1118,38526,1425,19,7
1228,38,E,8970,13010,1791,27471,1549,16,8
1229,58,D,2970,7037,506,30987,1794,16,2
1230,48,D,2752,6762,572,24036,2051,13,1
1231,50,E,8667,32833,1614,30191,1500,20,8
1232,46,A,5287,39958,944,35939,1169,19,5
1233,47,E,8244,50201,1896,22207,1403,18,7
1234,34,D,3049,5956,451,37720,1908,13,2
1235,33,E,7828,34778,1317,36734,1772,15,7
1236,33,E,7607,36384,1800,27659,1605,15,7
1237,51,E,8633,33478,1051,32045,1427,16,8
1238,41,A,4748,30780,998,16188,2296,16,3
1239,34,A,5690,34464,1282,26817,1446,17,5
1240,44,A,4368,21109,1004,32710,1468,17,3
1241,33,C,3018,1301,742,16045,1848,18,2
1242,34,E,8541,16277,2426,41124,1672,16,7
1243,35,D,2732,5891,466,39459,1801,12,1
1244,37,A,5134,27310,1003,29904,1278,16,4
1245,69,E,7821,48121,1756,21444,1808,21,7
1246,23,B,8086,16683,1272,35426,1927,18,7
1247,43,B,6740,16549,1218,36277,965,15,6
1248,23,B,7636,31965,1328,39455,1654,15,6
1249,54,C,3467,10047,762,17492,1475,16,2
1250,22,C,3321,8909,669,33344,2284,16,2
1251,39,A,4930,23265,728,33269,2055,15,3
1252,49,C,4002,15944,814,19588,1339,16,3
1253,44,B,6137,13998,1196,24195,1802,16,5
1254,42,A,5833,13081,829,41711,1295,17,5
1255,39,E,8396,54773,1654,18778,1304,18,8
1256,41,E,8595,46565,2205,29024,1540,21,8
1257,31,D,1968,4771,512,18539,1931,12,1
1258,39,A,5732,18853,1183,34100,1829,14,4
1259,48,A,5181,28341,979,22631,1658,15,4
1260,31,B,5494,21838,1270,28527,1399,15,5
1261,34,D,2827,5577,591,37011,1785,10,2
1262,36,A,4772,15338,1474,37254,1897,13,3
1263,44,A,4570,31978,839,17271,1813,17,3
1264,52,C,3621,4647,780,19769,1277,15,3
1265,59,D,1990,5206,462,40007,1248,16,1
1266,34,A,4654,25751,1205,34872,1489,15,4
1267,30,E,8846,28503,1345,19947,1495,20,8
1268,34,A,4924,28048,771,41914,2186,16,3
1269,35,C,4012,1167,1068,17217,1787,15,3
1270,18,C,4019,12026,726,37271,1517,14,3
1271,25,D,1772,4385,517,15883,1608,14,1
1272,36,B,3954,10065,1237,19697,1234,16,3
1273,49,E,8316,81969,1896,39818,1869,21,7
1274,29,B,6400,25057,1165,41660,1433,18,5
1275,40,B,7731,16104,1163,40412,1498,18,7
1276,43,D,2158,3516,541,21568,1925,12,1
1277,23,B,7374,24365,1143,35490,1583,17,6
1278,26,D,2081,4044,446,28817,1266,13,1
1279,52,D,2349,7000,460,41671,1777,11,1
1280,54,B,7933,24885,1206,36172,1482,14,7
1281,44,A,5208,25709,958,25781,2491,15,3
1282,44,A,4766,19287,1085,31956,1408,17,4
1283,32,B,6255,25128,1249,32938,1408,17,5
1284,39,C,3670,5776,928,28659,1748,9,2
1285,54,D,2843,5325,436,34258,1863,13,1
1286,31,A,4793,20155,797,41979,2307,14,3
1287,34,A,5057,30480,1090,40932,1997,14,4
1288,49,E,8637,76153,1361,41090,1635,17,8
1289,46,C,3535,396,787,32700,2029,16,2
1290,40,E,7370,68957,1750,19260,1991,16,6
1291,32,D,3435,5540,435,23651,2001,11,2
1292,51,A,4575,32392,964,24493,1556,18,4
1293,58,A,5007,37984,936,32111,1973,21,4
1294,55,E,7220,51692,1603,29756,1165,18,7
1295,35,E,7859,42780,1906,35204,2316,19,6
1296,58,E,6716,41574,2193,39209,1543,16,6
1297,45,B,8197,27832,1258,26125,1600,20,7
1298,46,E,8123,33100,2271,40969,1895,21,7
1299,39,A,4600,12774,1128,30587,1569,17,4
1300,41,C,4035,8067,796,26309,1999,16,3
1301,33,D,4113,8783,514,15665,1539,15,3
1302,35,B,8516,26641,1407,30822,1864,15,7
1303,59,C,2433,1801,707,16118,1828,14,1
1304,35,A,5629,15464,952,41414,1528,15,5
1305,30,C,3620,11349,854,18196,1917,14,2
1306,47,C,2911,4947,704,16107,1344,16,2
1307,32,D,2835,4916,444,23754,1516,13,2
1308,46,D,2450,5958,524,40865,968,13,2
1309,28,A,4913,27762,786,40756,1999,19,3
1310,39,D,2031,7312,425,26584,1675,12,1
1311,35,B,5934,16115,1323,38496,1811,17,5
1312,38,C,2998,2534,832,27928,1733,13,2
1313,59,A,5575,47216,1197,22324,1512,17,5
1314,42,D,2147,4492,509,41322,1207,15,1
1315,48,D,2129,4313,381,16923,1811,11,1
1316,30,A,4815,21790,1055,19143,1608,17,4
1317,36,B,3770,10270,1010,17417,967,17,3
1318,41,C,3866,10845,862,21128,1183,16,3
1319,48,B,8271,40019,1276,23823,1470,21,7
1320,58,A,5235,28909,1362,38169,1371,19,4
1321,20,C,3375,1010,751,19737,1048,13,3
1322,57,E,6754,60513,1403,33103,2160,16,5
1323,45,B,7763,16632,1009,34231,1878,19,6
1324,44,A,4898,18517,604,34309,1272,15,4
1325,42,E,7720,52563,1294,16724,2045,19,6
1326,27,E,8526,41317,1377,34962,1668,15,7
1327,29,E,8595,62281,1253,24034,1605,18,7
1328,25,A,4610,33357,1082,18626,1749,12,3
1329,44,E,6922,36058,1847,35070,1888,26,6
1330,41,E,8659,14821,2122,37458,1683,22,7
1331,42,B,7347,22672,1114,35279,2030,14,6
1332,37,B,8666,12545,1364,19690,1530,19,8
1333,50,C,3713,12821,807,16144,2195,14,2
1334,40,B,8803,28367,990,24231,1315,20,8
1335,28,A,4521,27985,1054,15673,1925,19,3
1336,45,D,1015,1326,535,23898,2120,11,0
1337,33,C,3399,4482,933,18876,1592,15,2
1338,34,C,3020,5763,680,31561,2088,17,1
1339,63,C,3708,1619,683,19467,2160,13,2
1340,55,B,6850,27662,1114,31000,1330,17,6
1341,38,E,7991,76206,1821,41592,2874,17,6
1342,35,D,2262,5130,556,19232,2165,11,1
1343,30,B,6729,10209,1277,23583,1892,16,5
1344,49,A,4977,34103,1178,16245,1382,17,4
1345,46,C,3325,8919,712,35440,1214,15,3
1346,20,C,3671,8317,706,22750,1855,15,2
1347,40,B,6835,19447,1104,34264,1640,19,6
1348,38,D,2784,7067,501,35611,1429,18,2
1349,14,A,4422,16496,1239,24891,1578,19,3
1350,50,C,3004,1177,870,26210,1851,16,2
1351,45,C,2687,79,899,28067,1937,12,1
1352,35,C,4125,5201,805,18042,1628,15,3
1353,45,A,5150,28952,876,34022,1652,16,4
1354,28,A,5367,28287,1485,19949,1195,19,5
1355,40,C,3281,11443,781,38474,2315,12,1
1356,26,D,1217,3319,391,21328,2064,14,0
1357,39,C,3443,7085,961,32474,1846,16,2
1358,25,E,6994,94613,1601,35234,1601,17,6
1359,36,B,6689,28229,1139,36756,1392,18,6
1360,54,B,7049,18065,1263,25400,1934,15,6
1361,48,B,9184,32608,1153,34502,1726,19,8
1362,47,E,9053,75358,1569,22088,2002,20,8
1363,40,E,8756,35784,1968,37419,2051,17,7
1364,27,B,7678,27791,974,39286,1824,18,6
1365,38,C,3749,9962,771,41802,1871,12,2
1366,36,E,9556,55206,1518,28804,1824,19,8
1367,42,C,3145,4883,950,38809,1506,14,2
1368,39,B,5709,13597,1211,28670,1706,20,5
1369,56,A,4909,25107,975,30288,1014,17,4
1370,44,A,4911,5256,969,37798,1680,18,4
1371,51,E,7622,35831,1730,37978,1424,17,7
1372,39,A,4847,21845,1036,29252,2093,15,3
1373,47,A,3965,18265,1038,21054,1793,20,3
1374,53,E,7658,55269,1216,40240,1577,20,7
1375,53,C,3928,5969,820,24210,2215,13,2
1376,35,B,8091,45721,1110,16239,1706,17,7
1377,31,E,6943,24495,1190,33111,1347,20,6
1378,29,E,8034,17503,1887,25993,1644,22,7
1379,16,D,3092,4479,486,22951,1660,13,2
1380,33,B,8232,3420,1264,31638,1417,17,7
1381,55,C,3637,7849,936,37989,1658,15,2
1382,28,B,7501,14648,1197,16960,1644,17,6
1383,36,C,3143,6059,764,38856,863,18,3
1384,44,B,7959,20417,1394,24730,1837,15,7
1385,41,B,7665,20644,1149,37597,1840,18,6
1386,55,C,4079,12308,790,31452,1201,12,3
1387,45,A,4676,27542,1033,25846,2067,15,3
1388,40,E,8581,46681,1284,29524,1270,20,8
1389,40,D,1672,4455,494,27000,1584,9,1
1390,27,D,2673,4067,533,25768,2103,13,1
1391,43,E,8314,56427,1993,38912,1844,22,7
1392,54,C,3287,488,928,16049,1656,14,2
1393,42,A,4015,30201,947,36845,2432,19,2
1394,36,B,7937,21512,1101,29276,2242,20,6
1395,44,B,8290,20188,1145,21112,1693,18,7
1396,61,D,2104,5760,404,20067,1963,14,1
1397,46,A,4768,14161,1320,26491,1219,16,4
1398,29,C,3044,2790,680,37867,1880,10,2
1399,46,D,3321,3615,531,30874,1580,14,2
1400,39,E,8671,42775,1971,29471,1855,17,7
1401,47,A,4831,24258,1382,35335,2126,17,3
1402,57,C,3134,472,786,41432,1913,15,2
1403,43,E,8336,55151,2326,36358,1914,17,7
1404,32,E,8809,20058,1851,16089,1801,14,8
1405,36,A,5262,26384,962,23912,1740,16,4
1406,55,A,5758,19435,1273,31316,1498,19,5
1407,32,C,3717,5414,565,41445,1414,12,3
1408,41,B,6700,14881,1288,23981,1863,19,5
1409,36,C,4043,14437,691,24346,1109,14,3
1410,30,E,8279,26219,1594,17455,1762,19,7
1411,29,B,6668,18182,1060,29239,1640,19,6
1412,35,B,5641,20330,1242,40575,2012,16,4
1413,46,D,1942,3814,512,30996,1615,12,1
1414,21,C,4246,4211,954,41086,1571,17,3
1415,45,C,3619,9623,747,23912,2348,14,2
1416,40,E,7543,45763,1159,32480,1208,22,7
1417,21,B,8769,10957,1170,41109,1778,18,7
1418,42,C,2950,8262,1007,18035,2071,16,1
1419,49,D,2854,3302,556,26517,1932,17,1
1420,69,E,9060,52140,1850,40261,410,19,9
1421,44,C,3584,5785,875,22961,2298,13,2
1422,49,D,2391,4572,533,27010,2296,10,1
1423,20,B,8717,38918,1012,19774,1817,18,7
1424,26,A,5522,41592,1004,18619,2000,17,4
1425,53,A,4305,17812,769,15700,1560,17,3
1426,50,D,3860,7602,569,27179,1225,12,3
1427,35,B,6253,15577,1100,16323,1949,13,5
1428,32,C,3379,9598,944,19377,1251,19,3
1429,24,D,3783,11434,499,36147,1891,12,2
1430,55,E,8669,60945,1642,22388,1622,19,8
1431,22,E,7694,68866,2067,17917,1547,16,7
1432,64,B,7265,16780,1053,16551,2398,19,5
1433,48,A,5331,24982,1077,22957,1272,15,5
1434,32,D,2231,5145,565,31577,1316,10,1
1435,38,B,6983,8581,1246,16255,1583,16,6
1436,54,B,5983,10175,1275,22608,1617,17,5
1437,57,C,3607,4210,889,36062,1707,16,2
1438,28,D,3146,6139,492,30559,1888,11,2
1439,42,E,8213,46354,1631,25283,1878,18,7
1440,35,C,3960,3889,669,38864,1729,14,3
1441,40,D,2773,7676,480,35125,1263,13,2
1442,47,E,7165,38281,1319,23070,1414,17,6
1443,44,C,3517,10211,857,37920,1861,12,2
1444,25,B,6080,21715,1295,29587,2418,19,4
1445,28,D,2924,3250,441,41655,1336,13,2
1446,41,D,2275,6276,433,24957,1144,14,2
1447,33,E,6621,43327,1945,29178,1826,19,5
1448,44,E,6958,40579,1642,20044,1504,19,6
1449,17,A,4423,16660,733,39784,1585,19,3
1450,44,D,2280,4566,471,19324,1639,14,1
1451,43,A,5492,13194,1221,35423,1211,16,5
1452,33,E,8375,66255,2089,22463,1846,17,7
1453,39,C,3895,4790,711,38826,1556,14,3
1454,17,E,7801,2572,1564,17986,2779,18,6
1455,45,E,6354,33068,1068,33314,1140,18,6
1456,33,D,3845,9161,512,25771,1881,13,2
1457,41,E,8132,66622,1666,40374,1546,15,7
1458,41,D,2361,6041,468,35084,2349,14,1
1459,30,C,3292,4860,811,22041,1767,14,2
1460,43,B,7660,16788,1061,21295,1378,17,7
1461,41,B,7571,3889,1197,35091,1958,18,6
1462,56,E,8128,49070,1912,33864,1597,20,7
1463,37,B,6271,7515,1250,35272,2149,21,5
1464,48,A,4456,7977,1089,27342,1903,17,3
1465,48,B,6861,25793,1139,33879,1253,18,6
1466,,,,,,,,,
1467,,,,,,,,,
1468,,,,,,,,,
1469,,,,,,,,,
1470,,,,,,,,,
1471,,,,,,,,,
1472,,,,,,,,,
1473,,,,,,,,,
1474,,,,,,,,,
1475,,,,,,,,,
1476,,,,,,,,,
1477,,,,,,,,,
1478,,,,,,,,,
1479,,,,,,,,,
1480,52,A,5323,21938,979,31420,1640,13,4
1481,30,E,7793,33931,1494,21211,1615,17,7
1482,27,E,7990,7260,2226,20128,1638,19,7
1483,46,D,2615,6722,652,18114,2100,12,1
1484,24,C,3468,3722,824,38652,2006,11,2
1485,37,C,3190,7371,1066,22545,2131,11,2
1486,42,D,2217,3852,474,29189,2297,14,0
1487,54,C,4010,1121,639,24990,1493,13,3
1488,43,B,7506,23229,1202,23726,1892,16,6
1489,23,B,6105,8628,1302,29006,2010,21,5
1490,45,C,3803,6289,816,40540,2293,14,2
1491,42,C,3308,4119,725,31134,1586,16,2
1492,48,C,3386,11189,860,15819,2137,17,2
1493,38,B,6815,33575,1239,36743,1773,18,6
1494,41,D,3275,4374,414,18166,1487,14,2
1495,33,C,4004,941,793,31721,1889,14,3
1496,39,D,1257,3810,554,41433,1169,10,1
1497,35,A,5071,35769,1224,25863,1908,19,4
1498,40,A,4882,33320,1206,26391,1379,16,4
1499,40,E,8506,68594,1521,16091,1818,22,7
1500,24,E,7711,51496,2178,29179,2523,15,6
1501,29,D,3293,5957,526,29384,1413,10,2
1502,49,D,3188,7627,534,40794,1509,14,2
1503,28,B,5645,22420,1139,19239,1181,20,5
1504,31,D,4196,10065,454,29860,2055,13,3
1505,50,E,7349,41415,622,36844,1460,18,6
1506,44,E,7627,65005,1520,19705,1526,20,7
1507,37,E,7588,60983,1462,18754,1615,20,6
1508,39,D,1917,4940,459,30881,1639,14,1
1509,23,C,3626,4808,697,35951,1949,14,2
1510,41,D,2415,3970,531,39074,1221,11,2
1511,30,D,3063,4525,503,19585,1379,14,2
1512,47,E,8124,66514,1916,26701,1990,17,7
1513,31,C,3570,5478,791,23700,1483,14,3
1514,28,D,3025,7045,514,26647,1997,15,2
1515,36,D,3307,4672,628,26785,1829,8,2
1516,26,A,5293,13209,1297,35421,1394,19,4
1517,55,A,5015,27601,1252,25843,1390,18,4
1518,37,A,5051,32407,963,20371,1335,19,4
1519,47,C,3604,9095,745,36536,1884,12,2
1520,33,C,3294,4674,735,24508,1898,16,2
1521,46,B,5778,8330,1211,16339,1887,18,4
1522,29,A,4606,24764,913,17488,1639,15,3
1523,49,C,3657,7511,845,17581,2187,14,2
1524,36,E,7993,57262,2171,32165,1363,16,7
1525,42,A,4830,20255,1099,26542,1454,17,4
1526,46,E,6697,39123,1736,26766,1870,18,5
1527,37,E,8230,64883,1628,36960,2101,20,7
1528,42,B,8664,28563,1129,16161,1831,16,7
1529,42,B,8598,43910,1138,28260,2052,19,7
1530,45,E,7350,37044,1699,20140,1869,17,6
1531,43,C,3978,6291,860,21426,1544,16,3
1532,47,C,3625,3305,864,22936,1354,14,3
1533,39,B,6904,30800,1265,18681,1617,22,6
1534,48,A,4980,29182,940,25001,2010,18,3
1535,32,C,2944,7173,808,18326,2509,14,1
1536,30,C,3309,8589,864,16039,1192,12,3
1537,22,C,3492,3495,798,32349,1718,14,2
1538,16,E,8910,78089,1251,26995,1440,19,8
1539,27,C,3498,5772,747,27828,744,13,3
1540,52,A,5092,23802,1121,28044,1120,17,4
1541,44,A,5387,26977,1114,16188,1318,18,5
1542,47,C,3392,2741,555,29406,1348,17,3
1543,41,B,6802,23826,1363,19111,1803,17,5
1544,45,A,5031,31571,1086,21005,826,17,5
1545,27,B,7879,2351,1255,37021,1953,18,6
1546,42,B,8918,36771,1358,38720,1358,18,8
1547,48,B,6037,5376,1131,34889,1204,19,5
1548,30,D,1660,4000,513,34256,2033,13,0
1549,35,E,6611,43438,2009,35445,1410,21,6
1550,32,A,4786,31375,791,27184,1776,18,4
1551,45,B,6899,9037,1190,41581,1697,17,6
1552,32,E,8486,25356,1408,29979,1774,17,7
1553,68,D,1848,4944,570,23236,2062,12,0
1554,21,B,7799,13977,1117,27488,1768,18,7
1555,54,D,3350,12195,423,33257,1972,12,2
1556,27,C,3299,5052,837,37086,1258,13,3
1557,48,C,3348,6793,774,41872,1648,15,2
1558,27,E,9219,52519,1810,23299,1182,23,9
1559,52,C,3632,14179,886,34250,1813,12,2
1560,41,C,3297,8510,774,36579,1324,15,2
1561,56,B,8885,24718,1285,34957,1710,17,8
1562,36,E,7977,42171,1547,33142,1966,19,7
1563,43,C,3264,10643,653,30601,1712,10,2
1564,34,B,7659,13337,1210,42035,1715,19,6
1565,32,C,2961,6804,727,37169,1236,16,2
1566,38,D,4081,10521,541,36587,1782,13,3
1567,43,C,3351,8688,924,29725,1027,12,3
1568,29,A,4831,13978,673,20919,1977,20,3
1569,31,E,7421,81508,1952,40832,1566,18,6
1570,47,D,2022,4632,507,37990,1524,10,1
1571,43,C,3515,8307,865,31695,1970,14,2
1572,46,A,5377,10880,1000,24226,1544,16,4
1573,37,E,6517,41937,2129,30449,1445,20,6
1574,37,D,1842,4787,514,35014,1718,12,1
1575,48,A,5085,10430,1020,37964,1555,16,4
1576,32,D,2641,2252,556,30949,1625,11,2
1577,24,C,3191,6530,820,33371,1456,14,2
1578,37,E,8161,51322,1299,18499,1635,24,7
1579,42,A,4700,23121,1106,39962,899,14,4
1580,54,A,5112,21489,1049,24007,2193,20,3
1581,54,E,9781,115852,1992,31005,2100,18,8
1582,51,B,7657,27792,1252,33488,1454,18,7
1583,45,A,5180,22167,1032,36428,2067,18,4
1584,40,C,3017,5941,689,28166,1180,15,2
1585,42,D,2482,2266,522,36647,2108,12,1
1586,47,B,8328,45116,1095,21609,1380,16,7
1587,49,E,7767,33931,1988,41174,2116,17,6
1588,32,E,8326,19232,2130,36590,1843,23,7
1589,41,B,4362,12728,1364,18440,2174,17,3
1590,32,C,3130,9731,833,31600,2061,15,2
1591,38,E,8068,82765,2206,35372,1438,20,7
1592,15,E,7206,75388,1710,32647,1634,21,6
1593,29,E,8527,70954,1669,28679,1644,16,7
1594,35,E,7384,47932,1850,29092,1752,16,6
1595,18,E,8392,42837,1020,19520,1943,18,7
1596,51,C,3249,8523,871,18839,1646,14,2
1597,52,D,2687,6809,572,27545,1877,11,1
1598,26,D,1576,1905,453,37707,1551,16,1
1599,24,B,6597,12793,1177,31870,1595,17,6
1600,46,B,6561,31098,1069,19204,1677,17,5
1601,37,C,3638,1232,656,17073,2291,12,2
1602,57,A,4779,39860,1121,26975,1592,17,4
1603,30,D,3601,9096,414,34242,1167,11,3
1604,50,D,1752,4637,522,30575,1409,9,1
1605,41,A,4560,32525,1028,34046,1824,15,3
1606,42,C,3079,9150,988,21239,1657,14,2
1607,36,A,4446,11511,895,24957,1346,18,4
1608,39,C,3495,9785,841,36621,1474,15,3
1609,46,A,4718,34885,1187,23553,1749,15,3
1610,41,D,3173,9884,520,19422,1975,11,2
1611,57,B,7660,23183,1166,32288,2010,20,6
1612,46,D,2940,7382,547,31628,1515,11,2
1613,37,C,4302,3915,1007,21737,1489,12,3
1614,36,A,5321,8272,1377,38291,1691,17,4
1615,48,E,7530,70934,1819,23364,1146,18,7
1616,36,B,8289,29053,1241,15718,1728,20,7
1617,31,C,2923,13927,699,40657,2163,14,1
1618,39,E,7617,52533,1892,38538,1351,17,7
1619,33,A,5070,20980,919,30568,1298,17,4
1620,53,B,7370,40800,1262,17637,1858,18,6
1621,49,D,2511,4258,485,36564,1272,16,2
1622,46,E,9153,13620,1531,25385,1744,14,8
1623,33,E,8618,19983,1769,29698,1928,15,7
1624,17,D,2620,6030,495,24747,2084,12,1
1625,49,E,8968,26399,1666,21096,2257,15,7
1626,57,B,8105,37378,1183,21586,1400,19,7
1627,49,D,3071,6743,496,24943,1107,12,2
1628,45,C,3643,12222,648,39136,1841,13,2
1629,18,B,6223,22631,1299,16836,1849,15,5
1630,49,B,8298,33317,1202,32536,1595,16,7
1631,39,A,4325,20355,1024,27820,1713,20,3
1632,50,C,3672,1949,902,37878,1679,14,2
1633,49,E,8662,36577,1672,30184,2308,18,7
1634,43,C,3672,6115,960,36149,1871,15,2
1635,64,B,9290,30410,1224,26567,1356,20,8
1636,34,A,6098,27677,1067,42085,2307,17,4
1637,42,A,4477,34243,1070,29993,2173,16,3
1638,32,D,2104,3785,540,19962,2042,12,1
1639,42,E,7364,39464,1443,15911,1756,15,6
1640,25,C,3509,2599,786,36567,1845,15,2
1641,57,A,4895,28670,1251,24060,1766,20,4
1642,32,E,7610,23768,1589,35940,1260,19,7
1643,26,C,3553,2221,770,33187,1216,19,3
1644,45,A,5204,24972,882,16167,2155,17,4
1645,31,C,4103,4320,855,40269,1555,18,3
1646,37,C,3217,11062,997,18741,2679,14,1
1647,59,B,5842,10949,1089,28946,1712,17,5
1648,35,E,7355,62314,1136,24494,2039,19,6
1649,33,E,8032,28512,1371,18230,1893,18,7
1650,38,E,7140,46648,1896,40655,1611,18,6
1651,47,D,1804,4114,444,22760,931,10,1
1652,36,B,5444,7482,1240,40602,2052,17,4
1653,33,D,2056,4400,462,40807,1981,11,1
1654,46,E,7844,81508,1802,18704,2003,20,6
1655,60,B,7300,17964,1229,32165,1613,18,6
1656,46,D,2758,5001,482,28667,2023,15,1
1657,44,A,4842,35300,940,33090,1571,15,4
1658,38,C,3686,727,896,35917,1463,12,3
1659,38,D,902,2144,506,42080,1736,11,0
1660,41,C,3705,1412,817,18791,1059,14,3
1661,41,A,5577,29271,1070,34734,1506,19,5
1662,31,E,7559,14175,2059,34453,1948,17,6
1663,34,C,3543,6899,750,20207,1517,13,3
1664,43,B,7801,21515,1230,41705,1491,18,7
1665,26,E,7027,11515,2150,22951,1259,21,6
1666,57,B,8408,29078,1196,42073,1532,18,7
1667,47,B,10603,22265,1183,41014,2345,15,9
1668,33,A,4454,20993,756,28151,1349,18,4
1669,57,C,3642,8827,945,31076,1507,17,3
1670,39,B,6804,19100,1137,24077,1828,14,5
1671,20,C,3588,8643,815,39782,2001,16,2
1672,46,D,1978,4048,524,16178,1549,12,1
1673,39,D,2768,6044,538,27806,1585,11,2
1674,50,A,5425,14828,732,31806,1011,17,5
1675,38,B,6960,17825,1491,21351,1613,19,6
1676,47,E,8608,19064,1971,25288,2400,22,7
1677,42,D,2211,3371,540,39265,1088,12,2
1678,60,D,1784,4281,531,17982,1801,14,0
1679,39,A,4890,31605,1012,19985,2019,17,3
1680,41,A,5076,30858,912,28320,1944,19,4
1681,27,E,7872,67958,2010,41596,1638,18,7
1682,27,A,5309,21461,957,30177,2014,15,4
1683,46,B,6145,20822,1297,31960,1292,18,5
1684,35,B,6878,29767,1160,19920,1296,17,6
1685,28,A,6429,28036,1005,39113,2109,14,5
1686,11,C,3563,6258,888,34397,1930,17,2
1687,39,D,3197,3708,506,36315,1686,12,2
1688,39,A,5512,11057,1194,28563,1746,19,4
1689,42,E,8338,67961,2076,37455,1344,17,7
1690,37,B,9004,19413,936,27501,1525,20,8
1691,49,D,2289,3600,534,27480,2296,14,0
1692,32,C,3669,9084,754,21752,1466,14,3
1693,36,B,6165,1009,1193,33564,1035,18,6
1694,41,C,2944,4202,1084,31133,1999,16,1
1695,26,B,7883,10827,1220,30775,1740,17,7
1696,54,C,3627,12853,871,40889,1273,12,3
1697,24,A,5109,21309,1136,27869,1497,18,4
1698,45,D,2847,3959,600,37727,1556,15,2
1699,26,B,5476,13757,1137,26393,1981,20,4
1700,39,B,9090,30405,1247,41788,1634,15,8
1701,44,D,1724,4520,539,27959,1628,15,1
1702,51,C,2704,5150,857,39175,1261,14,2
1703,48,D,2518,5585,496,40057,1696,12,1
1704,48,C,3990,1785,800,35261,1586,15,3
1705,35,A,5410,40933,1072,28821,1518,19,4
1706,41,A,5536,18825,903,39216,1452,19,5
1707,41,B,6592,19458,1255,25716,2168,17,5
1708,38,C,3111,10920,670,37165,1190,14,2
1709,43,E,7746,47902,1869,24732,1336,17,7
1710,47,B,7769,25276,1232,33402,1331,14,7
1711,33,B,4751,13558,1111,19673,2098,17,3
1712,45,C,4290,7324,787,18116,1807,19,3
1713,37,E,7635,36867,1698,34884,1962,17,6
1714,41,D,1491,2661,416,23405,2073,16,0
1715,33,A,5189,19473,952,37843,1961,15,4
1716,45,B,7437,26784,1118,17682,1916,17,6
1717,50,E,7109,31087,1808,24213,1861,19,6
1718,53,B,5770,29407,1358,40790,1885,16,4
1719,42,D,2548,4187,518,34611,1679,11,1
1720,31,B,7681,23619,1257,40334,1748,17,6
1721,46,A,4608,24903,726,42081,1625,16,3
1722,36,B,6557,20449,1155,26582,1350,19,6
1723,42,A,4714,20513,1229,16236,1711,18,4
1724,46,A,4581,19743,1056,23905,1615,16,3
1725,58,B,7320,37212,1060,28831,1363,19,6
1726,33,A,3214,295,1055,32097,1794,18,2
1727,41,C,3317,6364,708,29627,2156,17,2
1728,31,B,6962,30589,1174,21617,1595,19,6
1729,47,B,6667,18344,1204,36131,1937,16,5
1730,30,E,7135,76376,1841,28355,1627,18,6
1731,48,D,3229,7722,548,34964,2066,9,2
1732,31,A,5451,31528,1187,21803,1363,17,5
1733,33,B,7001,25417,1115,24323,1368,20,6
1734,37,B,4997,14000,1261,17754,2516,21,3
1735,54,C,4077,1788,709,40712,1359,12,3
1736,33,D,2856,5885,505,39839,2455,12,1
1737,38,A,4671,27273,845,39897,1730,17,3
1738,44,E,7319,30176,1703,21447,1759,19,6
1739,39,B,7043,20105,1290,39814,1912,15,6
1740,35,D,2292,3936,463,35281,1117,11,2
1741,51,A,3807,14813,788,25425,1513,18,3
1742,40,B,6132,22548,1182,30027,1153,22,5
1743,37,B,6429,11049,1150,41185,1590,16,5
1744,31,C,3208,4375,731,18515,2010,13,2
1745,53,E,7990,33246,1268,36524,1722,18,7
1746,32,A,4767,25660,1006,40318,2066,17,3
1747,41,C,3403,11628,754,25945,1431,12,2
1748,51,D,1570,2397,455,18485,1731,10,0
1749,27,A,4944,15958,355,22864,1632,16,4
1750,55,E,8499,34237,1808,24550,1767,17,7
1751,39,C,3165,5487,707,29277,2396,16,1
1752,38,B,6255,2815,1302,40700,1428,17,5
1753,47,D,2497,2998,512,38405,1778,13,1
1754,45,D,2411,5710,518,28605,1389,15,2
1755,47,A,5540,1464,1176,37920,1677,17,4
1756,33,D,2059,4763,535,21774,1690,12,1
1757,50,D,1591,3630,472,29798,1984,14,0
1758,67,C,3527,4107,803,20064,1761,15,2
1759,39,E,7974,41236,1631,16285,972,16,8
1760,40,B,6048,25911,1122,26149,1567,16,5
1761,50,B,7769,29572,1203,25702,1822,20,6
1762,46,E,8043,49817,1786,28035,1728,18,7
1763,48,A,4242,19952,752,31150,1554,16,3
1764,57,D,2214,6258,527,22552,2485,14,0
1765,39,C,4018,10391,801,21852,1710,17,3
1766,34,C,3146,5480,959,31247,1881,13,2
1767,50,B,7434,20690,1305,41325,1933,17,6
1768,42,B,6346,23769,1117,38861,1648,17,5
1769,53,B,5987,14650,1218,39416,1989,16,4
1770,38,B,8093,13950,1169,20110,1631,21,7
1771,24,A,5029,21248,565,29334,1318,17,4
1772,60,B,8624,28494,1383,18488,2004,19,7
1773,55,C,3646,10095,694,42077,1694,13,2
1774,36,A,4748,8515,1043,41565,1712,13,4
1775,33,A,4669,26989,827,31251,1520,13,4
1776,47,E,9563,70200,1107,23093,1987,21,8
1777,16,E,7843,50579,1745,41454,1962,18,6
1778,26,A,5791,27277,751,39950,1550,17,5
1779,46,D,2238,6158,500,20160,1221,13,2
1780,57,B,7818,44558,1165,24296,1695,20,7
1781,46,B,5807,7773,1338,33629,1685,17,5
1782,37,A,5330,11444,631,17027,1274,15,5
1783,20,B,6583,14688,1103,23823,2094,18,5
1784,38,A,4788,25724,1008,36738,1762,16,4
1785,49,C,3351,2649,669,19477,1889,16,2
1786,37,A,5298,41122,863,17683,1356,17,4
1787,53,A,5000,36804,1013,23989,2114,18,3
1788,47,B,7816,29187,1312,21285,1692,18,7
1789,47,C,3453,6202,897,35511,1971,13,2
1790,47,A,4385,31004,1067,25617,1347,16,4
1791,28,C,4040,6093,611,20390,1771,14,3
1792,46,A,4098,17343,687,24018,1915,16,3
1793,30,E,7597,31689,1246,32802,1866,20,6
1794,31,C,3857,1090,696,34760,2029,13,2
1795,63,D,2531,3027,468,19241,1174,14,2
1796,50,B,7266,40584,1307,28677,1624,19,6
1797,39,E,7799,17756,1885,18301,1058,18,7
1798,56,E,7305,14736,1925,18052,1494,17,6
1799,32,C,2598,2845,801,32044,2056,14,1
1800,36,B,7837,31620,1165,36302,1462,16,7
1801,41,C,3459,6372,709,31101,1432,16,3
1802,42,B,6971,26843,1185,22247,1916,20,6
1803,38,E,8594,49691,1636,24968,2301,18,7
1804,54,E,9626,79426,1609,30109,1576,18,9
1805,38,B,6549,18453,1257,21279,1741,18,5
1806,41,B,7034,23161,1220,26253,1920,20,6
1807,31,E,9202,12179,1868,23923,1635,21,8
1808,36,E,9170,66112,1509,33273,1707,19,8
1809,54,E,8278,37663,1134,37638,1354,19,7
1810,42,E,9338,53363,1284,16221,1834,20,8
1811,45,C,3194,2996,690,21018,1519,12,2
1812,48,E,7310,40768,1729,36437,1392,17,6
1813,34,C,3721,2289,807,39339,1264,16,3
1814,46,E,8662,72757,1880,22723,1630,14,8
1815,44,D,3139,7240,516,37004,1803,11,2
1816,19,B,5135,14604,1199,26032,1640,13,4
1817,35,E,8784,10833,1584,39357,1791,19,7
1818,33,A,4726,27947,847,41366,1780,17,3
1819,16,A,5439,20168,1017,22567,1377,17,5
1820,47,E,7536,56650,1491,37608,949,17,7
1821,32,A,4670,14327,1054,37184,1749,18,3
1822,30,A,4453,16320,905,30398,1198,16,4
1823,46,B,6722,21998,1141,36922,1771,22,5
1824,38,D,2124,5293,454,38856,1165,16,1
1825,47,E,7278,35862,1829,18407,1969,20,6
1826,42,A,4856,5744,863,40195,2053,20,3
1827,32,B,6520,9770,1133,28305,1855,13,5
1828,30,D,3626,6717,552,28608,2341,9,2
1829,29,C,3077,9934,753,38053,2011,16,2
1830,43,E,8347,48791,2042,31318,1908,18,7
1831,22,E,8531,56062,1675,17536,1842,17,7
1832,52,E,8257,53402,1535,24536,1699,19,7
1833,41,D,2550,4950,522,28956,1967,11,1
1834,54,E,7230,28383,1510,17751,1749,16,6
1835,43,C,3101,8379,894,20704,1560,12,2
1836,51,D,1604,3574,555,26525,1546,13,1
1837,22,C,3988,608,900,42018,1987,13,3
1838,42,B,7142,2872,1309,28055,1866,16,6
1839,30,D,1811,2473,497,24304,1884,12,0
1840,52,A,5421,23512,974,25336,2029,17,4
1841,35,E,6780,57158,1975,40889,945,17,6
1842,37,A,5832,36449,872,30562,1973,16,4
1843,39,B,7993,19882,1105,39022,1437,16,7
1844,42,E,7149,50735,1718,18827,1706,17,6
1845,58,C,3227,6113,848,27064,1881,15,2
1846,63,B,6403,14858,1373,25689,2246,16,5
1847,29,D,2722,3380,426,27429,1577,14,2
1848,50,C,3396,3562,835,35923,1772,17,2
1849,24,A,5090,24157,762,34057,1692,16,4
1850,43,A,4993,23978,872,16501,1789,18,4
1851,53,D,2383,6353,541,17879,1273,13,2
1852,32,D,2959,7457,531,36314,1637,14,2
1853,26,A,5546,40671,836,23932,1504,16,5
1854,42,D,1644,3336,564,30887,1724,15,0
1855,43,D,2512,7069,488,27307,1228,15,2
1856,21,B,8292,36287,1057,17946,1951,15,7
1857,41,C,4213,4677,835,30683,1531,14,3
1858,24,A,6010,29972,1130,17736,2234,18,4
1859,31,C,2946,6699,823,30329,2034,18,1
1860,33,D,2715,3410,517,20925,1461,12,2
1861,47,A,5478,20161,1112,17864,1488,16,4
1862,29,E,7803,51044,1298,31965,1477,13,7
1863,57,D,2014,4035,467,27024,2038,12,0
1864,41,C,3447,8970,870,39262,1729,15,2
1865,40,E,7879,34890,1702,23340,1811,18,7
1866,57,B,6008,20655,1212,16338,2143,14,4
1867,35,E,9302,83626,1832,26881,1650,17,8
1868,57,D,2040,4583,547,35755,1834,13,1
1869,46,D,3015,9113,529,22556,2185,12,1
1870,22,B,7609,27213,1246,19966,1915,19,6
1871,49,C,3521,10344,865,18359,1304,15,3
1872,47,B,5414,13995,1249,21950,1724,19,4
1873,33,A,4636,17487,1062,34575,1108,15,4
1874,45,A,5629,25196,1048,21056,1877,16,4
1875,49,A,5152,29922,846,22286,1730,18,4
1876,43,B,6437,32243,1272,35692,1964,17,5
1877,43,B,7306,23221,1094,39207,1901,13,6
1878,33,B,7604,31016,1213,27765,1630,17,6
1879,56,A,4863,33190,905,42053,1754,15,4
1880,63,C,3537,17034,871,35526,1300,11,3
1881,40,C,3591,7115,628,40698,1754,12,2
1882,29,D,2613,5903,460,17955,1219,9,2
1883,54,B,6904,38972,1114,35741,1592,17,6
1884,58,B,8543,20226,1168,24345,1874,16,7
1885,31,A,5074,25992,1016,37582,1274,17,4
1886,37,D,1420,2807,499,36221,1838,14,0
1887,29,A,5510,37784,1092,26196,1557,18,4
1888,53,C,3248,7909,887,34589,2114,18,2
1889,27,C,3486,9223,916,34327,1540,16,2
1890,34,D,2182,4604,505,40575,1855,16,1
1891,47,E,6698,21211,2606,18934,1754,19,5
1892,34,D,2609,3683,521,38358,1940,14,1
1893,43,D,1948,1521,388,33941,1799,9,1
1894,30,D,2580,4245,458,19648,1960,14,1
1895,36,E,7602,47979,1975,18917,2172,19,6
1896,52,E,8330,75047,1665,27801,1662,16,7
1897,36,D,3153,7011,451,41395,1677,13,2
1898,39,D,3833,8121,535,23224,1830,12,3
1899,42,B,7564,22369,1330,38852,1502,18,7
1900,58,C,4263,7174,856,41863,1575,12,3
1901,49,D,1378,2830,472,41591,1555,13,0
1902,60,D,2668,4315,442,37329,1751,14,1
1903,42,B,6964,20157,1194,38171,1925,18,6
1904,39,E,8013,42725,2586,17090,1654,17,7
1905,43,C,3376,6372,831,26094,1570,13,2
1906,30,E,9101,55159,1127,31405,1186,21,8
1907,50,B,8521,33631,1113,23686,2092,14,7
1908,55,D,1606,2444,520,32941,1473,14,1
1909,26,E,7294,45354,1463,31966,1683,16,6
1910,59,A,5278,27347,970,27165,1916,16,4
1911,46,A,5749,24224,1216,19827,1826,18,4
1912,24,D,2013,4089,505,18948,1698,10,1
1913,52,D,2363,4046,545,23269,2217,10,1
1914,40,C,2559,4027,805,31297,1915,13,1
1915,14,C,3486,3482,876,23538,1281,13,3
1916,33,B,4526,15434,1350,23841,2223,19,3
1917,39,C,3700,8108,781,31181,1367,15,3
1918,22,C,3318,3766,793,37033,1966,12,2
1919,51,C,3355,9177,961,40336,1837,17,2
1920,41,A,5520,21127,834,29997,1792,14,4
1921,29,A,6509,48133,707,32382,2038,20,5
1922,49,A,5846,28599,1339,35932,1184,15,5
1923,40,C,3787,9924,867,36898,1820,15,2
1924,60,C,4058,6388,737,31644,1927,19,3
1925,48,E,9532,64977,1072,18370,1839,18,8
1926,32,B,9601,38312,1151,37758,1848,15,8
1927,51,E,8677,36703,1331,38911,1739,20,7
1928,39,A,4941,18715,975,40438,1866,17,4
1929,34,D,4026,7724,477,37608,2463,12,2
1930,52,E,9114,50752,1872,16935,1973,22,8
1931,30,C,3551,892,746,29659,1645,14,2
1932,34,C,3892,17258,1027,26317,1715,16,3
1933,42,E,8343,26802,1951,34938,1428,19,7
1934,36,A,4862,21287,1009,34860,1244,16,4
1935,42,D,2578,7680,576,16840,1660,12,1
1936,42,C,3741,10169,792,30107,996,15,3
1937,29,E,8879,1144,1907,38691,1428,22,8
1938,40,A,5346,42540,671,23772,1577,15,4
1939,36,E,8184,64863,2300,34495,1575,16,7
1940,39,E,8555,17261,1885,35435,1354,19,8
1941,42,B,4698,20052,1106,22047,1579,18,4
1942,36,B,6717,19919,1181,24033,1723,18,5
1943,44,E,8462,70716,1722,41243,1694,20,7
1944,30,B,8706,39835,1268,23169,1380,20,8
1945,45,B,7263,24314,1307,28078,1502,17,6
1946,67,C,3585,6159,783,33152,1640,16,2
1947,42,A,4483,18766,761,32643,1477,14,4
1948,46,D,1258,3215,501,31154,1784,15,0
1949,54,C,3091,2578,677,23796,1788,13,2
1950,38,D,3468,6580,428,40419,2057,12,2
1951,60,A,4701,22781,1064,33504,1713,16,3
1952,52,A,5750,33391,1012,16375,1562,16,5
1953,27,D,1382,3170,482,23383,1930,11,0
1954,37,C,3327,7557,745,33860,1887,13,2
1955,45,C,3300,8643,757,21067,1484,18,2
1956,33,E,7228,29237,1856,35718,1681,19,6
1957,49,E,9130,61599,1567,28833,1863,19,8
1958,45,E,6840,34074,1433,22892,1298,18,6
1959,54,D,2694,5370,525,27643,2393,11,1
1960,36,B,6631,27560,1205,27597,2066,20,5
1961,43,E,8454,40295,1520,32976,1784,20,7
1962,47,D,1393,2487,475,32570,1365,11,1
1963,48,E,8380,846,1844,34042,1595,22,7
1964,26,B,7999,33329,1320,25380,1322,18,7
1965,32,C,3253,8573,860,32696,1925,13,2
1966,45,B,8282,29886,1133,15850,1623,13,7
1967,39,B,7472,31966,1159,41183,1371,22,7
1968,39,C,3205,7259,784,21074,2261,16,1
1969,45,C,3968,8762,629,24895,1362,12,3
1970,41,E,8019,30195,2290,19981,2045,21,6
1971,46,E,8597,58705,1592,34021,2174,20,7
1972,51,B,8171,36600,1222,18016,1603,15,7
1973,38,E,8114,25887,1799,38036,1829,17,7
1974,58,E,8871,22373,1573,34343,1799,18,8
1975,72,A,4717,23969,900,32148,1945,18,3
1976,45,B,6727,21266,1175,32534,2031,17,5
1977,39,D,2032,2363,549,28055,1152,15,1
1978,54,E,7129,26724,1288,35210,1261,19,6
1979,44,C,3953,13294,961,17306,1737,20,3
1980,54,B,7568,22566,1331,35369,2092,14,6
1981,41,D,1270,1924,533,34062,1711,11,0
1982,52,D,2048,3738,554,18912,1759,12,1
1983,30,E,9381,105886,2239,29770,2355,17,8
1984,33,D,3007,6093,548,18828,1245,10,2
1985,33,B,6434,24279,1263,26472,1513,17,5
1986,31,B,7022,25487,1229,17248,1444,22,6
1987,5,B,3743,9148,1249,20753,1649,21,3
1988,62,B,7821,28802,1222,38661,1875,16,6
1989,37,D,2569,2153,408,40145,2403,13,1
1990,33,E,8239,77402,1489,23157,1911,19,7
1991,31,E,7907,33299,2109,35120,1710,19,7
1992,47,C,2961,2028,792,32031,1264,14,2
1993,32,E,7968,46964,1330,21319,1616,21,7
1994,38,D,2149,6172,513,22524,2031,13,1
1995,34,C,3968,9360,753,27421,1980,13,2
1996,39,C,3139,6688,841,23061,1528,18,2
1997,36,E,7184,65068,1672,27620,1183,19,7
1998,54,D,3392,6268,405,38180,1533,9,2
1999,24,B,6896,29797,1213,24252,1746,17,6
2000,54,C,3368,9955,767,36327,1466,16,2
2001,46,E,8412,64299,2112,37289,1240,16,8
2002,49,A,6052,39455,671,25861,1718,15,5
2003,49,B,6126,20926,1166,31077,2140,18,4
2004,28,D,2710,5532,542,41454,1877,10,1
2005,23,C,3955,5672,798,30593,1434,16,3
2006,41,B,6016,26209,1291,33945,1267,18,5
2007,40,C,3493,3752,841,28031,1732,16,2
2008,42,C,3449,9690,714,23345,1800,15,2
2009,48,E,7226,7815,1630,33761,1822,21,6
2010,32,D,1692,3745,487,19727,1787,14,0
2011,40,B,6178,22915,1177,40753,2015,16,5
2012,35,E,8046,47085,1367,30783,1603,20,7
2013,25,C,3317,267,865,26261,1676,15,2
2014,27,B,7536,19766,1269,36235,1342,22,7
2015,45,E,6562,36623,1865,29759,1521,19,6
2016,76,C,3672,9830,1027,40888,1992,16,2
2017,50,A,4853,23154,1023,27593,1538,18,4
2018,34,C,3608,7720,765,24709,1407,13,3
2019,39,C,3577,5774,721,21847,1846,12,2
2020,52,D,2084,4835,493,38883,2078,11,1
2021,44,B,7062,24565,1311,19403,2347,16,5
2022,32,B,7579,16127,1369,24829,1482,17,7
2023,39,B,5232,19049,1376,16559,1780,18,4
2024,36,E,7313,63236,1995,33342,1086,21,7
2025,41,D,868,1393,614,28074,2362,11,0
2026,57,B,5859,19264,1236,23212,1382,17,5
2027,27,B,7878,23385,1110,35007,2613,20,6
2028,43,C,3738,4985,720,24693,1715,12,3
2029,32,D,2210,3670,575,24003,1895,14,1
2030,32,A,4466,13608,1083,37512,894,18,4
2031,37,D,1888,2551,437,21180,1628,12,1
2032,20,E,7753,44231,1241,32758,2402,15,6
2033,55,C,3202,5301,571,26454,1514,12,2
2034,35,E,7415,43895,2266,32813,1653,16,6
2035,45,D,2590,4550,580,38803,1582,11,2
2036,44,B,8743,27355,994,20990,1962,16,7
2037,39,D,2323,5231,587,16407,1926,11,1
2038,38,D,3504,4675,532,33401,1815,12,2
2039,64,C,3592,1991,820,33060,1295,15,3
2040,41,C,3564,8544,826,33702,1743,13,2
2041,50,A,4909,22725,928,38678,1864,19,4
2042,38,D,3121,5613,527,22036,2030,11,2
2043,41,D,2482,4386,454,23770,1719,11,1
2044,38,D,2568,3691,422,41465,1715,11,1
2045,46,A,4931,21810,771,16123,1768,14,4
2046,46,C,3812,14689,803,25065,1732,11,3
2047,39,B,7594,28931,1103,39013,1646,19,6
2048,30,E,7748,36265,1567,22191,1974,19,6
2049,33,D,2750,6753,525,20251,1725,12,2
2050,38,C,3717,12769,725,29107,2255,14,2
2051,45,E,9012,29148,1522,18663,1802,20,8
2052,39,B,5459,20604,1079,27246,1212,18,5
2053,36,E,9355,42191,1474,16612,1416,16,8
2054,34,C,3370,6664,868,19378,1929,11,2
2055,26,C,3872,1842,1005,40480,1859,14,3
2056,50,D,2244,4107,546,33761,1702,7,1
2057,35,D,3075,5137,594,26986,1513,10,2
2058,50,B,6345,22429,1073,26667,2034,14,5
2059,57,E,8158,16672,1675,15840,1781,22,7
2060,44,A,5229,17685,1272,32797,1889,16,4
2061,42,A,5461,26616,1008,27353,1733,16,4
2062,19,B,7613,23611,1187,24135,911,17,7
2063,40,B,7694,31484,1318,15781,1695,16,6
2064,39,D,1545,4373,478,41916,1406,9,1
2065,37,C,3006,2995,912,28070,1307,15,2
2066,54,B,7383,26381,998,33558,2067,20,6
2067,39,D,3165,7224,510,27520,1318,12,2
2068,35,C,3870,10239,623,24181,1695,13,3
2069,45,C,3509,4907,809,18094,1927,17,2
2070,41,A,4723,19801,1090,23947,1647,18,4
2071,45,B,6005,19039,1108,35166,1551,15,5
2072,41,D,2667,9008,568,15971,1815,18,1
2073,42,A,4900,16929,1032,19766,1688,17,4
2074,69,E,8411,55280,2338,21186,2283,18,7
2075,36,B,7749,29031,1331,24236,1438,18,7
2076,39,A,4912,24924,1081,32681,1805,15,4
2077,70,D,2259,3421,530,23663,1715,11,1
2078,34,D,2341,6078,532,30972,1698,14,1
2079,42,A,5299,28658,1150,25607,1438,16,4
2080,30,A,6161,35243,930,18335,927,17,6
2081,40,E,7632,51490,1994,20699,1312,17,7
2082,54,E,7680,52788,1657,33249,1807,15,6
2083,24,B,6513,13271,1210,27133,1754,17,5
2084,31,B,7472,21040,1168,26164,2193,19,6
2085,46,E,8280,50746,1508,38697,1018,18,8
2086,50,D,3486,9803,540,24859,1459,15,3
2087,35,A,5419,17007,526,30130,1926,16,4
2088,37,D,1192,2987,579,25966,1453,14,0
2089,48,A,4123,24785,897,26839,1693,13,3
2090,45,E,7537,49643,2148,20183,1715,19,6
2091,55,D,3327,6516,537,25652,1397,14,2
2092,42,A,4975,35805,1098,21891,2098,18,3
2093,53,C,3726,6637,663,31987,2444,9,2
2094,47,D,3639,6580,515,20229,2107,12,2
2095,63,E,7109,39046,1808,18050,2095,17,6
2096,23,A,5580,27764,1088,17454,1305,17,5
2097,44,E,7959,26944,1927,21931,1089,21,7
2098,29,B,7454,23492,1257,20448,1749,21,6
2099,56,E,8328,88536,2117,30805,1479,17,7
2100,38,D,3187,5405,456,17342,2033,11,2
2101,12,D,3179,6379,572,36081,1460,12,2
2102,29,E,9153,62795,1516,16833,1841,19,8
2103,41,B,6244,12868,1272,15904,1135,19,6
2104,49,B,8138,20408,1078,16572,1696,21,7
2105,47,C,3258,2687,695,36678,2225,16,2
2106,36,E,6955,23096,2397,28674,1669,17,6
2107,45,A,3984,14684,1294,23225,1261,13,3
2108,38,C,3585,7750,582,36416,1610,15,2
2109,28,A,4858,21748,843,41469,1594,15,4
2110,45,C,3376,4288,602,20718,1307,16,3
2111,33,A,4713,17976,734,42090,1407,20,4
2112,34,B,6022,29237,1232,31567,2105,17,4
2113,44,A,4642,15994,1054,19978,1572,16,4
2114,29,C,3246,6971,987,38374,1346,14,2
2115,29,A,4049,19062,797,24118,1681,16,3
2116,38,A,4570,6295,1141,25070,1289,16,4
2117,33,E,6963,6056,1806,33388,1015,19,6
2118,49,D,1542,4233,474,32143,1700,15,0
2119,20,A,4803,25066,681,33345,1929,13,3
2120,50,A,5533,20042,775,25641,1333,17,5
2121,37,A,5602,19451,1004,37027,1861,16,4
2122,29,C,3422,4822,986,32426,1700,16,2
2123,51,E,7444,40255,1846,18290,1889,18,6
2124,46,A,5835,25008,1146,27339,1408,20,5
2125,33,A,5062,23041,602,24240,1427,16,4
2126,54,D,1670,3075,487,37717,1937,13,0
2127,39,C,3376,5560,815,28323,1926,14,2
2128,18,E,9445,60769,1203,20413,2168,19,8
2129,33,D,3016,5895,494,27765,1416,10,2
2130,47,B,6548,31412,1304,35254,2001,20,5
2131,32,B,4550,16510,1230,26313,1964,16,3
2132,37,B,6092,16307,1002,33831,1443,17,5
2133,35,D,1981,2308,587,33600,1251,12,1
2134,59,A,5047,24978,1209,25889,1735,16,4
2135,45,D,1837,2655,559,31088,1963,11,0
2136,46,E,7531,5319,1322,29987,1565,18,6
2137,58,A,5299,33754,1135,39044,1571,16,4
2138,46,A,5182,35278,1203,38155,2115,18,4
2139,32,B,5779,25843,1065,29881,2316,15,4
2140,44,E,7432,66488,1942,40874,1291,17,7
2141,47,E,6982,49079,1777,32266,1686,19,6
2142,37,B,6724,13695,1235,39039,1856,16,5
2143,36,D,2212,5350,551,33403,2086,11,1
2144,45,A,4304,26898,804,40775,2309,13,2
2145,61,B,5287,14424,1293,20151,1534,18,4
2146,36,E,7565,40358,1252,23734,1824,19,6
2147,40,C,3469,5143,741,39403,1786,14,2
2148,39,A,4967,27365,852,26125,1449,15,4
2149,51,A,4781,31853,923,27456,1783,19,3
2150,51,B,5675,18347,1220,39946,1893,17,4
2151,44,E,6819,46660,1215,16097,1314,19,6
2152,36,E,6170,34190,1312,32687,1566,19,5
2153,45,E,8587,29600,1991,33222,2085,24,7
2154,49,B,6395,31266,1319,24604,1715,20,5
2155,40,B,5559,17796,1314,35438,1342,21,5
2156,43,C,4221,9727,880,23296,1513,14,3
2157,31,E,8518,84567,1674,16804,1959,20,7
2158,22,B,6990,3861,1212,35990,1370,20,6
2159,27,B,7114,16381,1113,33972,2003,15,6
2160,29,A,5141,21600,938,30832,1730,16,4
2161,53,B,6201,21429,1329,36887,2004,14,5
2162,54,C,3437,13932,724,33593,1965,13,2
2163,41,A,4194,16364,982,29536,1894,14,3
2164,46,B,5863,24855,1309,27752,1566,20,5
2165,48,B,7244,24588,1009,19572,1319,16,6
2166,43,A,5141,20735,1445,16268,1803,19,4
2167,25,D,2132,3354,574,21312,1017,11,2
2168,50,B,9275,32293,1172,34218,1613,16,8
2169,35,A,4578,34137,778,41404,1597,18,3
2170,47,A,4457,22721,1000,25975,1765,15,3
2171,48,D,1397,1508,580,17255,1813,12,0
2172,36,A,4116,16921,1037,30576,2277,18,2
2173,14,B,6978,33466,1202,28726,2069,19,5
2174,51,E,6431,36457,1875,20250,2265,23,5
2175,39,C,2997,5369,763,25293,1535,13,2
2176,44,E,8388,53966,735,40881,1805,21,7
2177,52,B,7289,14082,1053,30973,1727,18,6
2178,37,E,6860,35467,1478,15992,638,16,7
2179,48,B,8049,30997,1293,41993,1722,18,7
2180,63,B,6527,23807,1237,23301,1873,21,5
2181,51,E,9519,68933,1897,19819,1899,21,8
2182,34,E,8833,31551,1365,38625,1999,18,7
2183,53,C,4173,12519,1011,27806,1668,15,3
2184,33,E,9167,62518,1695,22577,2013,21,8
2185,39,C,2558,3773,757,25084,2029,15,1
2186,36,B,6825,19644,1258,29639,1929,17,5
2187,36,C,3776,7257,811,24465,1991,17,2
2188,15,C,3522,7664,1161,27763,1993,12,2
2189,22,C,3701,3598,744,20770,1901,11,2
2190,46,C,4113,10481,685,40257,1995,14,3
2191,34,C,3185,4932,832,25891,1297,14,2
2192,35,E,7056,37659,1526,34032,1936,20,6
2193,49,E,8290,5246,1556,18387,1484,21,7
2194,39,B,9036,29908,1322,17827,1552,17,8
2195,28,C,4103,7972,855,41064,1643,17,3
2196,48,A,5362,13521,1081,26973,1343,18,5
2197,39,C,3356,2652,867,20556,1092,15,3
2198,46,D,1418,1410,506,37903,1218,10,1
2199,38,B,6482,24951,1247,35587,1893,19,5
2200,45,A,4795,19418,810,39052,1914,17,3
2201,44,D,2906,6066,460,37850,1237,16,2
2202,16,E,7335,61147,2324,17678,2160,19,6
2203,40,C,3056,11681,843,40832,1742,14,2
2204,25,E,8569,77639,1635,27718,1995,19,7
2205,58,E,9572,67879,1797,34846,2042,20,8
2206,55,A,5451,16477,1143,19726,1855,18,4
2207,25,B,6455,16017,1073,23406,1378,18,6
2208,35,A,4510,18948,1147,30297,1956,18,3
2209,50,D,3063,8020,586,40839,1490,12,2
2210,31,E,6253,25388,2260,29239,1679,20,5
2211,35,D,3077,5441,478,40920,1392,11,2
2212,43,A,5059,21573,737,17231,1707,20,4
2213,26,D,2034,4920,485,33590,1838,11,1
2214,49,E,7530,34801,1817,19830,2211,19,6
2215,31,A,4990,30272,909,17365,1763,18,4
2216,62,E,8052,64693,1961,25516,1259,15,7
2217,28,C,3294,3326,915,30109,2089,16,2
2218,39,E,7862,43450,1832,21957,2396,20,6
2219,45,C,3089,2833,705,34580,1903,16,2
2220,36,A,5726,15063,817,24705,1624,21,5
2221,34,E,7130,24953,1662,16124,1685,17,6
2222,57,E,8562,84697,1900,19974,1739,21,7
2223,42,E,7612,54394,2168,40132,1330,17,7
2224,46,A,4114,17433,1022,24940,1593,16,3
2225,34,C,3715,12873,820,21628,1830,14,2
2226,74,E,7067,71572,1465,33997,1496,18,6
2227,53,E,8000,48092,2429,18027,1387,16,7
2228,38,E,9081,71158,1585,36143,1210,17,8
2229,47,D,1690,2922,454,20836,1242,14,1
2230,47,B,6489,11828,1247,24624,1724,18,5
2231,30,C,4477,1818,843,17848,1703,16,3
2232,47,A,3372,11852,901,34426,1920,21,2
2233,46,C,3639,3642,730,30302,1599,15,3
2234,46,C,4337,20344,741,24512,950,11,4
2235,38,D,2315,3828,506,23084,1581,11,1
2236,62,E,8641,57941,2076,32136,2089,17,7
2237,49,A,5423,32335,1205,32541,1706,16,4
2238,34,A,4501,14838,1022,30728,1417,17,4
2239,46,E,7527,50180,2010,15992,1903,19,6
2240,34,E,7081,53375,1529,34456,1939,18,6
2241,62,A,5325,14330,857,34689,1149,20,5
2242,30,C,3031,10601,725,35090,2096,13,1
2243,45,C,3986,5571,835,39402,2383,16,2
2244,18,A,4224,19499,1074,31022,680,16,4
2245,36,A,5623,33196,1386,21934,1557,17,5
2246,29,E,8458,45142,1569,19653,1583,15,7
2247,29,E,6974,46877,2055,17680,2041,19,5
2248,36,D,3097,6311,531,36367,1431,12,2
2249,56,D,1509,4577,526,20393,1968,14,0
2250,44,B,4731,14345,1383,37716,1712,16,4
2251,32,A,5484,25425,1238,40886,1512,18,4
2252,43,B,8067,26939,1159,21881,1432,18,7
2253,53,C,3179,11489,918,36346,1709,14,2
2254,38,B,6811,20192,1146,35296,1226,19,6
2255,35,E,7958,26652,1270,22772,1488,19,7
2256,44,C,2936,8300,762,33000,1471,14,2
2257,44,B,7668,30319,1306,20243,2070,22,6
2258,2,D,3817,9190,519,20172,2069,12,2
2259,45,E,7852,2608,2186,27976,1920,22,6
2260,31,B,5416,16269,1233,41500,1156,19,5
2261,41,A,5143,35321,1210,16605,952,19,5
2262,48,C,3377,5760,788,31803,1858,14,2
2263,43,A,4709,29930,1114,24779,1451,19,4
2264,46,B,7908,28808,1180,33793,1446,15,7
2265,42,D,1388,3420,417,17935,1950,16,0
2266,59,D,2145,2599,495,21240,2001,13,1
2267,53,D,2832,5684,518,25210,2057,15,1
2268,32,C,3855,7289,779,39886,975,15,3
2269,25,C,4075,4623,976,19252,1753,16,3
2270,52,A,4820,29421,1252,32929,1366,16,4
2271,45,C,2423,6495,837,27244,1862,16,1
2272,30,B,7325,15394,1169,33426,1460,18,6
2273,47,D,2162,3130,466,18211,1475,12,1
2274,31,D,3283,7757,397,38848,2331,13,1
2275,34,C,3317,10940,864,26895,1376,15,2
2276,45,C,3642,10526,860,37317,2456,17,2
2277,44,C,3571,1421,850,28619,1752,13,2
2278,45,B,8191,21275,1256,41507,2155,17,7
2279,38,E,6985,47141,2002,19112,1030,18,6
2280,53,C,3665,9391,638,39339,1503,14,3
2281,62,C,3560,12074,808,32491,1316,13,3
2282,42,D,2419,5871,526,26327,1770,12,1
2283,50,C,3629,8968,919,39722,1643,14,2
2284,25,B,8009,20869,1399,23409,1521,15,7
2285,62,D,1727,5048,550,29544,1621,10,1
2286,24,B,6429,17220,1198,33288,1511,17,5
2287,38,C,4213,10820,792,25354,1959,15,3
2288,38,A,4752,26843,886,35906,1719,14,4
2289,35,C,3737,7257,821,20383,1679,12,3
2290,37,D,3806,8835,474,17744,1628,11,3
2291,43,B,6211,8301,1171,36585,1128,16,6
2292,30,C,3844,4682,845,15787,1580,12,3
2293,39,A,4985,31206,967,31322,2060,17,3
2294,33,A,4960,17188,917,33446,1180,19,4
2295,43,C,3122,8734,669,32023,2193,13,1
2296,53,E,8615,26602,1993,31741,1713,19,7
2297,36,B,6771,33353,1228,21206,1372,15,6
2298,47,C,3608,9016,861,31843,1713,15,2
2299,23,A,3764,18907,1154,41552,2074,19,2
2300,31,E,8883,41714,1869,31949,1753,22,8
2301,34,E,7677,71574,1655,41251,1805,20,6
2302,44,C,3575,4926,823,37765,1905,13,2
2303,55,B,5420,14869,1256,36209,2013,19,4
2304,34,C,3647,1696,696,19739,1996,18,2
2305,27,D,3017,4608,576,20607,2765,11,1
2306,42,C,3628,7831,737,38659,1155,16,3
2307,32,A,4932,21950,936,39457,489,17,5
2308,44,D,1800,4456,460,30981,1597,13,1
2309,42,B,6773,17290,1319,19663,1569,19,6
2310,45,B,6298,25863,1265,27437,1493,18,5
2311,54,B,8170,21379,1311,26537,2163,18,7
2312,28,E,8971,85706,1706,15831,1746,21,8
2313,27,C,3818,4188,613,20070,2104,12,2
2314,68,C,3415,10200,691,35775,1776,19,2
2315,52,D,4527,7162,456,41146,1349,13,4
2316,38,D,4401,6815,558,41090,1916,14,3
2317,53,D,1944,4262,480,17267,1392,10,1
2318,49,B,6949,25377,1203,26663,1062,20,6
2319,42,B,8609,27612,1337,25043,1030,19,8
2320,46,E,7972,50456,1411,41759,1626,17,7
2321,42,B,8189,27024,1056,17877,1417,15,7
2322,38,B,8864,30228,1240,26333,1703,19,8
2323,32,E,7659,21367,1688,33024,1760,22,6
2324,65,A,5008,29546,965,17868,2032,18,3
2325,43,C,3511,1021,657,18494,1460,16,3
2326,24,C,3383,7466,681,25124,1549,17,2
2327,54,E,7427,31967,1339,23544,1205,17,7
2328,35,A,5045,31740,1113,28453,1557,20,4
2329,42,D,2635,7343,570,17234,1523,10,2
2330,17,B,7584,27734,1213,22304,1696,18,6
2331,33,A,5693,37750,1104,37925,1359,17,5
2332,25,D,1510,3137,585,20192,1239,10,1
2333,47,A,4879,24395,952,37026,2131,13,3
2334,43,D,2397,7682,552,34064,2428,15,0
2335,36,E,7824,42369,2227,33847,1771,23,7
2336,26,C,3685,11971,819,33715,1992,16,2
2337,49,C,3201,3902,888,16356,1449,13,2
2338,54,E,7987,69102,1638,28669,1123,19,7
2339,33,C,3308,6574,788,34974,2066,15,2
2340,42,D,1535,2808,489,37765,1677,12,0
2341,33,A,4052,27172,987,28909,1824,17,3
2342,38,E,8324,65289,1662,34795,1129,17,8
2343,38,E,7467,42702,1460,36332,2164,20,6
2344,42,E,7818,53615,2532,38873,2279,19,6
2345,43,A,4847,18407,1159,20499,2111,15,3
2346,21,D,2951,5057,601,39710,1692,13,2
2347,59,C,4045,7078,799,22767,2200,15,2
2348,33,A,4808,27844,985,31036,1936,16,3
2349,50,D,2764,5974,463,37999,2188,11,1
2350,34,C,4068,12748,665,17024,2495,20,2
2351,29,B,5878,14398,1345,31157,1665,18,5
2352,42,A,5015,33560,871,31349,638,16,5
2353,38,E,8072,69031,1800,24331,1599,15,7
2354,47,B,5822,22991,1356,30488,2007,18,4
2355,48,E,8303,37334,1515,38392,1806,20,7
2356,66,D,3739,7676,398,28868,1649,10,3
2357,38,A,5670,12903,668,39977,1742,17,4
2358,49,E,7608,45534,1729,35023,2283,20,6
2359,19,B,6978,21330,1222,26676,1769,20,6
2360,36,B,6354,20016,1198,33823,1924,16,5
2361,44,C,2576,5510,649,18189,1486,14,2
2362,29,E,8197,17028,1403,17824,2120,21,7
2363,49,A,5418,40792,1176,18289,1361,18,5
2364,59,C,2805,3589,753,20766,1104,13,2
2365,43,C,3554,10465,790,41038,1358,14,3
2366,42,B,8306,21719,1206,27040,743,15,8
2367,23,A,5065,24486,1083,26555,1559,20,4
2368,41,C,4062,8644,785,37726,1788,12,3
2369,57,D,1774,3919,471,29100,1509,12,1
2370,39,C,3145,2268,723,24225,1178,14,2
2371,43,B,7361,11502,1206,16815,1195,18,7
2372,53,C,3313,7914,790,39518,1728,13,2
2373,62,D,2695,6187,471,31576,1579,13,2
2374,27,D,2189,4875,473,30362,1411,15,1
2375,30,C,3645,2478,972,18736,1826,15,2
2376,43,A,4578,19482,1279,37566,1305,16,4
2377,30,D,3272,5806,484,33069,1743,13,2
2378,24,D,3201,5969,472,23487,1920,14,2
2379,46,A,4799,26468,1192,20025,2169,19,3
2380,41,C,3974,5263,812,23251,1173,14,3
2381,55,D,263,605,565,16277,1603,16,0
2382,52,D,2848,6500,417,17282,1187,16,2
2383,37,C,3722,1541,917,30575,1842,16,2
2384,55,B,7580,8688,1181,27215,2290,18,6
2385,46,C,3093,951,766,21718,1055,14,3
2386,44,D,3470,5082,501,28174,1289,15,3
2387,35,D,1751,2819,425,18415,1618,12,1
2388,52,A,5069,6056,1101,23772,1789,16,4
2389,29,A,4802,37356,918,24405,1420,19,4
2390,44,A,5215,25236,784,16535,1028,15,5
2391,51,E,8562,8870,2224,31644,1736,20,7
2392,28,C,3507,12004,757,21773,1785,14,2
2393,41,E,8593,3606,1753,36552,1917,22,7
2394,65,C,3587,6934,977,28214,1563,10,3
2395,59,B,7193,23385,1228,27304,2185,15,6
2396,58,E,7850,84091,1501,34104,1641,20,7
2397,31,D,2951,6163,480,29708,1803,11,2
2398,40,B,8796,40063,1200,20361,1006,14,8
2399,28,C,2965,5566,644,31258,2069,14,1
2400,53,E,8381,38341,1494,29617,1712,15,7
2401,53,E,8330,75594,1885,34761,1907,18,7
2402,25,A,5855,26861,1259,35463,1310,14,5
2403,44,E,8337,63286,1487,32175,1694,21,7
2404,41,B,9004,16629,1042,33352,1730,20,8
2405,39,C,2929,6645,893,35576,1815,12,2
2406,35,C,3783,14484,837,22744,1595,17,3
2407,54,A,4278,21597,1105,31124,1738,20,3
2408,17,D,1304,2719,553,22465,1746,11,0
2409,42,A,5269,27593,1273,21793,1607,19,4
2410,50,C,3615,7354,943,31942,1765,14,2
2411,44,E,8973,55857,1676,35748,2133,16,7
2412,47,E,7331,58973,1766,28225,1563,20,6
2413,18,A,4931,27641,925,17719,2121,18,3
2414,45,C,3103,524,702,19673,1830,15,2
2415,38,E,7338,35792,2211,40484,1378,19,6
2416,33,A,6033,41195,1378,41760,1274,14,5
2417,39,A,4566,29406,816,37549,1721,17,3
2418,48,E,8312,22694,1218,18433,1297,18,8
2419,56,C,4007,5348,638,35888,1797,16,3
2420,39,D,1755,2169,529,29508,1589,10,1
2421,49,D,3210,9619,517,24286,1512,15,2
2422,30,B,7541,29620,1261,38094,1348,20,7
2423,38,E,8268,46723,2323,22779,1788,19,7
2424,40,E,8591,65583,1500,31904,1818,20,7
2425,30,A,4882,34953,854,22312,1270,16,4
2426,50,E,8233,59220,1902,28337,2022,17,7
2427,29,C,3983,11556,674,19148,916,12,4
2428,52,A,4883,21739,905,32560,1096,18,4
2429,41,B,8236,35996,1140,22861,1523,13,7
2430,39,E,8512,52988,2347,20419,2542,20,6
2431,31,D,1883,2536,586,38767,1708,13,1
2432,65,E,7857,35191,1252,38767,1515,20,7
2433,51,A,5440,26422,858,41456,1898,18,4
2434,34,A,5449,32835,754,21046,1626,15,4
2435,35,C,3737,9477,773,24835,1930,16,2
2436,47,A,5192,18854,1092,30391,2156,19,4
2437,34,B,7635,22091,1201,28956,1288,19,7
2438,57,B,7196,15759,1103,37719,1398,21,6
2439,55,B,7658,39897,1343,27158,1635,17,7
2440,36,B,9111,31446,1328,37443,1784,21,8
2441,50,A,4444,21408,900,33852,1011,17,4
2442,41,C,3169,252,800,39680,1407,17,2
2443,51,E,7040,46633,1707,19563,1542,18,6
2444,41,D,3196,6108,451,21435,1356,14,2
2445,47,C,3119,6682,835,16973,1786,14,2
2446,50,D,1766,4769,485,28546,1481,15,1
2447,46,D,3145,4173,470,28230,1602,9,2
2448,44,B,7532,23237,1092,39664,1596,19,6
2449,35,E,8821,59222,1820,26631,2135,18,7
2450,45,A,5518,19081,792,15997,1900,20,4
2451,37,B,6693,21921,1247,32356,1414,13,6
2452,28,C,4146,10117,800,36673,1665,15,3
2453,42,B,7727,17883,1197,28466,1781,18,6
2454,43,A,4287,24058,525,39429,1927,15,3
2455,47,A,5273,18753,1135,42004,1542,14,4
2456,38,B,6962,17246,1176,41185,2228,17,5
2457,51,B,6618,20024,1054,17135,1680,17,5
2458,52,A,4176,20950,1231,17670,1501,18,3
2459,49,E,8193,24339,1946,36563,2271,20,6
2460,20,A,5367,23469,1290,37329,1551,17,4
2461,37,A,4666,19718,1046,16828,1881,17,3
2462,42,A,4261,11805,895,28862,2293,17,2
2463,36,C,3397,3374,760,20063,1382,21,3
2464,32,D,3129,6989,488,38167,1915,16,2
2465,48,C,3616,1029,777,27424,2040,13,2
2466,44,E,7805,58302,2201,36552,1292,19,7
2467,53,C,3934,13222,919,19603,1469,18,3
2468,44,A,5288,19168,1252,22001,1383,14,4
2469,65,D,2045,2569,432,31163,1244,15,1
2470,46,D,2893,7566,495,35952,2082,15,1
2471,44,D,1444,2218,449,37790,1556,9,0
2472,42,B,7922,25996,1090,24816,1471,15,7
2473,27,E,7705,16615,1659,17155,818,18,7
2474,51,E,6205,22728,1342,18141,1302,16,5
2475,43,B,7042,29732,1214,40950,1609,17,6
2476,36,A,4765,34616,1131,36131,1421,18,4
2477,50,D,2817,7121,467,24999,1184,15,2
2478,33,B,7619,21673,1259,19116,1522,22,7
2479,28,D,3229,3807,465,28596,1693,15,2
2480,35,D,2450,5040,521,25064,1206,15,2
2481,38,D,2305,3999,539,24794,1549,12,1
2482,34,B,6886,20380,1087,29096,1794,14,6
2483,39,D,2311,2538,481,15724,1555,14,1
2484,35,E,8996,64510,2120,22053,1700,18,8
2485,34,A,5188,25929,709,30875,1365,16,4
2486,59,B,7900,25805,1245,20303,1871,20,7
2487,34,D,2654,4561,444,29590,1940,15,1
2488,32,B,6673,20632,1309,35365,1954,18,5
2489,30,A,4192,15667,1280,38602,2267,17,2
2490,53,D,3072,5338,419,37368,1439,12,2
2491,38,B,6561,16666,1118,22860,1914,17,5
2492,31,B,7162,38688,1129,34330,2134,16,6
2493,48,D,2639,5271,459,18844,2046,15,1
2494,35,E,7196,32419,1828,31154,1800,19,6
2495,54,C,3544,5350,827,38983,1276,16,3
2496,55,D,2848,5571,478,29698,1942,13,1
2497,40,E,8480,52388,1597,27472,1469,21,8
2498,28,E,8704,37147,1953,17714,1896,15,7
2499,35,E,7574,73320,1165,41176,1383,21,7
2500,22,E,6681,28927,1844,20494,2182,23,5
2501,28,D,2310,4463,426,33514,1839,13,1
2502,30,C,3157,6710,605,26841,1898,14,2
2503,50,C,2502,3370,791,21205,1620,15,1
2504,35,D,2390,4442,582,37478,2000,13,1
2505,46,D,1752,3381,581,17295,2299,15,0
2506,45,B,6971,17424,1447,34761,2036,15,5
2507,44,E,6912,66726,1394,35592,1763,16,6
2508,39,C,3763,7342,743,36263,1606,14,3
2509,47,B,6656,18345,1306,28237,1035,21,6
2510,44,C,4082,7026,932,41414,2089,18,2
2511,35,E,7876,53697,1890,18526,2043,18,6
2512,36,B,6755,16812,1159,40405,2170,16,5
2513,57,B,9200,11250,1246,17615,1882,15,8
2514,34,B,4770,2957,1133,27676,1475,18,4
2515,42,A,4235,22437,1041,38758,1734,15,3
2516,32,E,8314,62787,1448,34795,1547,17,7
2517,38,B,6813,8840,1223,18741,1762,17,6
2518,45,E,8513,83790,1972,21339,2008,21,7
2519,37,E,10099,71793,1675,20759,1961,17,9
2520,61,A,4981,32711,1127,33536,1934,16,4
2521,31,A,4278,19522,932,40986,2074,15,3
2522,29,D,2812,7850,556,26553,1524,12,2
2523,45,C,4080,11454,820,22185,1648,15,3
2524,23,B,6389,21343,1186,18097,1294,16,6
2525,43,D,3320,8307,490,31547,2145,11,2
2526,28,D,2813,6021,540,34075,1331,12,2
2527,50,D,3908,8208,491,21418,2042,14,2
2528,43,A,4718,12392,1241,21487,2066,15,3
2529,43,C,2343,2927,793,34473,1895,18,1
2530,36,B,8094,28198,1110,25315,1872,17,7
2531,50,D,1944,2368,495,41965,2161,12,0
2532,44,B,9290,20098,1377,26793,1809,20,8
2533,49,A,5476,23512,888,19943,1380,19,5
2534,35,E,8710,69936,1134,21213,1999,23,7
2535,32,C,3717,3367,909,18892,1473,17,3
2536,60,A,5294,19548,958,25216,1950,16,4
2537,20,D,3601,9131,528,30022,1350,14,3
2538,41,A,4906,21800,1143,30179,1720,18,4
2539,59,D,2302,4560,496,22016,1273,14,2
2540,39,C,3921,9380,902,33349,1841,12,3
2541,31,C,3289,8030,710,37015,2942,18,1
2542,28,A,6086,19713,802,23745,1906,20,5
2543,50,D,3678,7069,493,18932,1665,12,3
2544,50,C,3578,4793,723,37974,1410,20,3
2545,46,A,5132,15705,1101,25634,2229,16,3
2546,35,C,3341,8318,774,27998,2115,17,2
2547,49,D,2478,6775,427,35245,1984,12,1
2548,52,A,5611,27050,860,35657,1266,14,5
2549,49,E,7917,41281,1996,35465,2284,23,6
2550,34,D,2295,2094,477,23400,2119,14,1
2551,44,D,2896,2320,488,21129,1625,11,2
2552,32,D,2593,6846,595,20402,1739,15,1
2553,45,C,3781,3690,777,28998,1330,13,3
2554,26,B,6061,19257,1161,41937,1945,17,5
2555,32,A,3969,25165,1192,37318,1809,17,3
2556,35,A,4380,20573,1589,18854,1744,21,3
2557,34,C,3627,6739,631,26243,1953,16,2
2558,38,D,1944,3042,462,34888,1837,14,1
2559,27,B,5310,16812,1195,15812,1747,18,4
2560,55,D,3087,5602,482,17545,1701,9,2
2561,39,E,8471,61168,1843,41857,2249,19,7
2562,60,B,7030,8448,1288,22915,1651,22,6
2563,44,E,7933,30022,1595,19175,1239,17,7
2564,46,B,6216,10527,1322,35398,2377,16,4
2565,57,C,3843,3542,795,20738,1334,15,3
2566,35,A,5317,20380,765,31310,1701,13,4
2567,37,B,8136,16989,1312,27722,1854,16,7
2568,32,E,8617,74984,1924,19741,1506,17,8
2569,31,B,5860,19232,1209,30067,1730,16,5
2570,47,D,2894,6878,492,32990,1769,11,2
2571,37,E,7704,6290,2018,21470,1973,21,6
2572,57,D,2843,5583,488,24863,1610,11,2
2573,44,B,7498,14085,1015,36561,2388,19,6
2574,55,B,6040,26475,1036,34600,1863,15,5
2575,45,B,5958,6813,1310,21706,1494,17,5
2576,37,A,4500,22497,901,33454,1318,19,4
2577,40,C,3366,1697,910,36620,1500,15,2
2578,52,D,2034,6040,517,23550,1376,14,1
2579,48,C,3055,8586,787,38466,1684,12,2
2580,35,C,3256,12509,730,16457,1388,13,2
2581,26,E,8031,41908,1292,29556,1909,19,7
2582,25,E,8483,53901,988,22859,1639,16,7
2583,42,A,5479,25421,1152,27060,1324,17,5
2584,46,C,3768,7747,938,36417,1177,14,3
2585,29,E,7272,28461,1728,33423,2123,20,6
2586,28,B,6831,9656,1134,20607,1979,18,5
2587,43,C,4144,5250,618,24275,1864,14,3
2588,31,B,7243,14053,1185,30040,1476,17,6
2589,48,C,3714,11681,932,22884,1799,14,2
2590,49,C,3234,5567,881,37727,1362,11,2
2591,48,D,2128,4539,513,25386,1705,11,1
2592,37,D,2349,3679,507,34745,1502,11,1
2593,60,A,5679,34423,550,30334,2805,17,3
2594,43,C,3673,10344,942,25857,1057,16,3
2595,48,A,4921,23813,1092,16247,1868,15,4
2596,25,B,7476,24512,1063,32060,1926,18,6
2597,36,E,7688,69014,1742,35059,1566,17,7
2598,39,C,3883,7060,760,33724,507,17,4
2599,43,E,9803,82166,2001,40816,1642,17,9
2600,52,D,3320,4974,520,35358,1854,11,2
2601,49,E,7925,24911,2384,18418,1980,19,6
2602,30,E,8813,71906,1254,17276,1656,18,8
2603,29,B,8630,42466,1187,24932,1902,17,7
2604,20,D,2199,4238,502,21863,1941,11,1
2605,50,D,2233,4449,597,29456,1342,9,1
2606,39,A,4643,20185,993,21269,1623,15,4
2607,27,C,3430,9220,997,35877,1186,17,3
2608,42,D,1836,2659,508,35827,1508,12,1
2609,30,E,8743,32700,1870,26537,1184,20,8
2610,28,D,2525,5199,524,20619,1693,11,1
2611,47,B,5895,14950,1211,36329,1374,18,5
2612,29,B,7129,16027,1031,30027,1051,15,7
2613,40,C,4286,34,778,28373,1135,15,4
2614,49,E,8030,27862,1622,16047,1809,21,7
2615,45,E,7610,45411,1917,19346,1316,20,7
2616,45,E,7501,29165,1308,33518,1735,18,6
2617,25,D,3143,4670,459,41808,1561,10,2
2618,50,A,5415,24013,719,30113,1503,16,4
2619,35,E,8352,41345,1897,18840,2150,15,7
2620,58,B,6476,17073,1326,41197,1453,20,6
2621,33,A,4477,33867,901,41241,1624,19,3
2622,38,E,8806,29923,1779,35740,1778,19,8
2623,43,C,3836,4109,867,22345,1285,16,3
2624,50,C,3783,17571,925,20073,1062,12,3
2625,32,C,3849,10743,950,15842,1956,15,2
2626,26,E,7744,35330,1709,27856,1446,22,7
2627,40,D,3251,6394,543,22935,1783,14,2
2628,50,E,9342,13887,1526,21193,2263,22,8
2629,34,D,1958,3201,476,40255,2357,10,0
2630,40,C,3838,4369,807,18131,2086,14,2
2631,42,C,2704,1469,736,23671,2351,17,1
2632,59,A,3904,18924,1021,26780,1513,14,3
2633,50,A,4332,20232,1017,35816,2055,17,3
2634,32,A,4648,17354,1019,39361,1529,21,4
2635,45,C,3196,3593,791,29891,1656,16,2
2636,40,C,3611,2503,1060,26853,1776,13,2
2637,37,D,2004,4690,526,35894,1571,13,1
2638,28,D,2491,4277,537,18560,1811,14,1
2639,44,C,3385,5245,688,18658,1756,18,2
2640,41,D,2843,5751,514,21210,1690,13,2
2641,41,A,3959,23653,755,26808,1485,19,3
2642,31,B,8052,31162,1294,38988,2023,18,7
2643,37,E,6571,42873,1882,41753,1494,19,6
2644,35,B,6866,24992,1264,33654,1792,15,6
2645,47,E,8601,65322,2142,18462,1411,18,8
2646,32,C,3345,5326,846,19339,799,16,3
2647,28,E,6978,12360,2103,21785,1151,17,6
2648,38,A,4429,24673,823,18706,1956,16,3
2649,40,D,2348,2711,485,31371,2029,9,1
2650,37,B,8751,28654,1097,19670,1624,17,8
2651,47,E,7462,53691,2081,20449,1832,17,6
2652,41,A,4919,21492,1053,28566,1229,15,4
2653,37,A,5912,33410,1231,17165,1716,15,5
2654,35,C,3568,13164,768,20912,1224,16,3
2655,48,A,5074,23964,1381,18855,2012,17,4
2656,29,C,4638,15240,669,38867,1931,16,3
2657,29,A,4660,17183,914,31498,1942,17,3
2658,35,C,2678,2625,655,17887,1899,12,1
2659,39,A,5067,13914,947,41943,2068,11,3
2660,28,B,6968,19935,1184,16095,1918,17,6
2661,55,A,5346,18698,1217,34011,1934,15,4
2662,27,C,3829,5168,768,37656,1952,14,2
2663,30,A,5354,17751,1111,26474,1290,13,5
2664,54,C,3765,9180,823,22640,1662,16,3
2665,52,E,7079,47711,1129,23281,1941,17,6
2666,42,C,3986,4897,727,17808,1843,15,3
2667,59,D,2617,6187,437,21092,2458,9,1
2668,40,B,7605,13653,1246,38568,1630,20,6
2669,52,B,7925,26181,1178,41395,1670,17,7
2670,31,D,4240,7420,454,19309,2068,8,3
2671,38,C,3600,6482,888,30003,1776,13,2
2672,35,D,2926,3761,497,27238,1524,12,2
2673,51,C,3167,3688,927,35004,1648,12,2
2674,48,E,7378,17011,1547,28682,1499,19,6
2675,51,A,4956,36034,1100,30534,1944,16,4
2676,40,C,3350,4908,917,26879,1698,16,2
2677,56,D,2644,4923,514,25244,996,9,2
2678,48,B,6390,20575,1308,32461,1365,17,6
2679,50,E,6565,45930,2139,37919,2023,17,5
2680,22,E,7456,12857,1314,16665,1223,17,7
2681,51,E,9246,41902,1851,22340,1595,15,8
2682,22,D,2764,4881,438,23885,1582,11,2
2683,35,E,7856,61437,1569,34755,1330,23,7
2684,44,C,3875,8075,946,33185,2396,13,2
2685,49,B,6883,5575,1309,41540,1542,15,6
2686,55,C,3003,7627,794,31415,1613,15,2
2687,51,E,8510,57166,1788,23779,1403,18,8
2688,45,D,1804,4484,464,36240,1541,15,1
2689,36,D,3249,6567,505,28909,1966,12,2
2690,50,B,6665,8232,1271,24110,2166,15,5
2691,34,B,4777,9371,1224,25923,1316,21,4
2692,35,E,7457,48509,1908,39611,1874,19,6
2693,42,C,3287,7566,897,27557,1508,13,2
2694,36,B,6776,27296,1186,41942,1947,16,5
2695,36,D,1528,2583,417,40826,1887,10,0
2696,46,E,9221,56734,1834,37784,1108,20,9
2697,34,C,3949,12271,677,29051,1486,14,3
2698,45,E,7200,39381,1412,41184,1924,20,6
2699,39,D,1743,3883,454,24291,1736,9,1
2700,55,E,7942,74931,1808,35419,1480,20,7
2701,32,C,3482,1433,713,18018,1614,12,2
2702,42,A,4733,26696,809,24002,1367,17,4
2703,43,C,3467,6762,696,31459,1704,16,2
2704,42,C,3592,7738,829,29073,1762,15,2
2705,39,B,6486,19536,1274,33663,1800,16,5
2706,53,C,3089,542,745,19400,1678,14,2
2707,48,D,2062,4628,495,31209,1765,10,1
2708,41,E,8215,33984,1630,32376,1985,17,7
2709,26,B,7439,36873,1345,31691,1625,16,6
2710,40,E,7621,63267,1256,18118,1149,19,7
2711,54,C,3205,5194,847,38841,1457,15,2
2712,34,B,8454,34264,1232,21663,2134,16,7
2713,33,C,3162,5822,752,31100,1652,18,2
2714,46,C,2596,9739,944,27178,1409,17,2
2715,53,A,4795,12067,1219,30940,1838,12,3
2716,57,D,3532,6848,497,24086,1936,13,2
2717,41,E,7291,26946,1882,28749,1264,19,7
2718,55,B,6335,16025,1219,32868,2737,17,4
2719,30,A,5039,18501,1069,26997,818,15,5
2720,26,D,2022,4253,442,40081,1740,12,1
2721,30,A,4522,14824,1200,38564,1910,18,3
2722,36,D,2997,5007,487,32672,1135,13,2
2723,20,A,4771,14597,1053,31004,1931,18,3
2724,39,B,7362,30885,1074,17919,973,19,7
2725,40,E,8378,20496,1736,17471,1766,19,7
2726,57,A,4689,23081,1055,37467,2029,20,3
2727,44,D,2047,5099,570,41203,1671,12,1
2728,33,B,9113,33151,1262,27227,1275,20,8
2729,47,B,6051,17740,1210,27817,1733,16,5
2730,47,B,6544,24598,1222,30217,1486,17,6
2731,28,D,2067,4901,473,25326,1474,14,1
2732,51,E,7137,11948,2193,37170,1284,19,6
2733,44,E,8354,44015,1782,27377,1472,19,7
2734,23,D,3305,9041,524,20803,2006,12,2
2735,37,C,3459,8351,745,28984,2374,14,2
2736,42,A,4613,13086,1131,31572,1424,20,4
2737,44,C,4373,14704,899,38253,1873,17,3
2738,36,C,3144,9103,741,38467,1794,11,2
2739,40,B,7854,24194,1012,38752,1630,18,7
2740,38,D,635,1332,464,20972,1224,11,0
2741,30,C,3749,11192,783,40145,1698,18,3
2742,52,A,5226,20029,974,26888,1789,13,4
2743,42,D,1364,3075,547,42105,1681,11,0
2744,27,A,5699,35847,1192,39138,1569,21,5
2745,25,D,2234,5612,504,30049,1562,13,1
2746,54,A,4676,23328,1285,32519,1949,17,3
2747,36,A,5454,37108,546,30446,1898,16,4
2748,27,C,3439,3308,705,31884,2006,14,2
2749,36,A,5470,27810,811,21936,1432,15,5
2750,35,A,5483,27790,1273,40249,1291,15,5
2751,50,B,8502,21544,1186,30407,1889,15,7
2752,33,B,7549,24951,1133,41502,2091,18,6
2753,31,B,6901,44834,1234,27945,876,16,7
2754,39,E,7543,35641,1355,25596,1416,19,7
2755,35,C,3227,229,905,33500,1655,13,2
2756,45,E,8746,53596,2035,34025,1127,17,8
2757,34,E,8357,40944,1694,30839,2279,19,7
2758,63,B,8154,25502,1255,21301,1633,20,7
2759,28,B,5546,12632,1160,26219,2641,19,3
2760,24,A,4760,19473,654,31694,1610,17,4
2761,35,D,2656,5027,477,36415,1369,16,2
2762,30,E,7297,54055,2070,41799,2434,19,5
2763,47,D,3059,5374,597,30349,1818,13,2
2764,50,E,8366,53999,1767,17965,2465,18,6
2765,49,B,7241,4785,1181,29511,1308,17,6
2766,41,D,2349,4007,512,32864,1899,14,1
2767,34,E,7486,56570,1508,38962,1983,16,6
2768,32,C,3959,6384,711,20048,2078,13,2
2769,46,B,5453,13258,1043,38490,1821,21,4
2770,38,E,7983,9031,1686,31995,1480,18,7
2771,40,D,2547,5458,579,33659,1597,15,1
2772,28,C,3563,5778,717,33078,2109,17,2
2773,49,B,7695,35262,1274,25606,1893,17,6
2774,33,E,6402,37121,2163,27957,1978,19,5
2775,34,C,3736,510,910,36104,2007,15,2
2776,32,C,4100,7260,740,24728,1914,18,3
2777,45,B,6671,27743,1068,27901,1872,16,5
2778,56,B,5597,14498,1074,37241,1574,16,5
2779,45,B,7633,26013,1046,19922,1383,19,7
2780,16,E,8514,68135,1252,26913,2288,14,7
2781,45,B,8178,14505,1151,22896,2209,18,6
2782,42,A,5004,25414,1285,28429,1734,14,4
2783,38,C,3618,9703,743,37507,1784,12,2
2784,48,B,6525,3417,1165,36781,1630,21,5
2785,41,A,4964,23918,973,19327,2012,16,3
2786,31,A,4672,14138,1110,41857,2640,18,3
2787,42,E,6741,28381,1579,18378,1427,20,6
2788,36,A,5237,34317,877,31301,2046,16,4
2789,49,B,5133,14865,1256,21103,1979,17,4
2790,34,C,3348,8672,780,21067,1394,18,2
2791,24,C,3952,3629,966,26238,2063,15,2
2792,38,D,3934,9273,520,42082,2087,15,2
2793,50,A,4643,20594,1088,40712,1460,19,4
2794,44,A,5813,38763,925,25977,1575,18,5
2795,36,D,1894,4500,512,32994,2029,12,0
2796,40,C,3711,10112,850,21763,2070,15,2
2797,53,B,7847,19656,1268,40043,1753,18,7
2798,34,A,5040,8593,1094,36518,2117,14,3
2799,45,C,3480,8287,780,21818,1709,15,2
2800,35,A,5142,24765,969,37352,1659,19,4
2801,41,C,3433,42,815,41922,1503,10,2
2802,37,B,7171,18283,1215,18069,1447,17,6
2803,42,B,8106,19303,1194,23156,2491,14,6
2804,42,D,2685,4348,478,40645,2158,12,1
2805,45,C,4035,10538,926,33196,1522,15,3
2806,37,C,2788,305,617,32044,2028,15,1
2807,32,D,1485,1693,415,33989,1704,12,0
2808,35,D,3139,8540,517,31812,1626,11,2
2809,58,C,3530,4265,837,37895,1944,10,2
2810,37,B,5909,19655,1095,22546,1704,20,5
2811,36,D,2397,5741,457,16807,1684,12,1
2812,42,E,8302,57912,1687,34331,1623,18,7
2813,51,B,5827,18055,1218,18210,1867,20,4
2814,41,E,8736,85874,1614,42022,2054,18,7
2815,34,D,3310,7712,566,38340,2036,11,2
2816,57,C,3311,5031,812,32104,1167,17,3
2817,25,D,2954,5672,536,36902,1661,16,2
2818,58,D,2447,6514,503,37300,1243,11,2
2819,32,E,7864,72015,2335,23570,1862,20,7
2820,42,A,5345,35909,1077,22768,1470,18,4
2821,34,A,5317,24989,1221,18951,1586,14,4
2822,36,A,4289,16855,1144,40736,1872,16,3
2823,23,C,3474,4394,924,23481,1732,13,2
2824,34,A,5216,34359,861,26297,1608,15,4
2825,43,A,5193,30995,643,25256,1673,16,4
2826,45,C,3087,6630,649,32496,1438,11,2
2827,21,B,7234,15722,1261,27050,2044,22,6
2828,41,A,5191,13729,959,41164,1756,17,4
2829,44,D,1857,4828,478,32930,1735,15,1
2830,44,B,7481,26502,1158,39497,1673,12,6
2831,45,B,6779,21043,1176,22589,1870,16,5
2832,36,C,3010,6805,908,22330,1683,14,2
2833,42,C,4028,20634,727,38281,1937,13,3
2834,47,A,4978,22817,1219,30016,1668,19,4
2835,37,B,8013,28433,1092,20202,1991,19,7
2836,34,A,3891,25132,968,38536,1806,19,3
2837,38,D,1770,3966,440,38794,1561,13,1
2838,47,B,7737,26163,1182,19500,1799,17,6
2839,34,C,3383,13219,1035,39714,1293,15,3
2840,45,E,8010,18875,948,19917,2097,21,6
2841,42,E,6919,69690,1694,17319,1742,18,6
2842,44,C,3337,9417,740,20524,755,13,3
2843,57,C,3104,5163,799,19028,1729,12,2
2844,34,B,7015,26265,1199,22377,2033,19,5
2845,43,A,5111,23121,1173,41385,1768,18,4
2846,38,B,7566,26655,1071,16838,1981,17,6
2847,39,C,3434,2913,732,23556,1456,16,2
2848,30,C,3463,5312,527,24685,1532,13,2
2849,39,B,6435,16880,1238,32515,948,15,6
2850,28,D,887,1774,582,33533,2079,11,0
2851,44,A,4958,31224,1147,22521,1603,18,4
2852,32,C,3634,9961,651,35615,2269,13,2
2853,39,D,1568,2111,527,37688,1719,16,0
2854,25,E,8110,65819,1936,15925,1141,18,7
2855,51,C,3706,5679,841,21986,1339,12,3
2856,57,B,7812,34708,1173,41036,1728,18,7
2857,58,D,2440,2902,421,19054,1249,11,2
2858,31,E,9016,83516,1720,23954,1911,20,8
2859,30,A,5047,28070,706,32929,1389,14,4
2860,28,E,7805,47932,2228,27767,1831,17,6
2861,44,A,5329,29319,620,34082,2163,17,4
2862,45,C,3312,8988,927,36343,1446,13,2
2863,31,C,2993,7696,732,20970,1589,9,2
2864,26,D,2782,8270,452,32212,1667,10,2
2865,48,E,8375,52141,1763,17533,1578,21,7
2866,37,E,8699,62199,1948,40143,1725,19,7
2867,30,B,6632,16421,1319,26870,1391,18,6
2868,36,C,3691,7774,756,21982,1310,16,3
2869,25,C,3927,11920,842,34416,1701,11,3
2870,58,B,6947,15007,1427,25446,1456,19,6
2871,24,A,3624,28971,830,27114,1626,17,2
2872,44,C,3813,7701,572,37885,1342,15,3
2873,44,C,4173,4138,898,39677,1826,13,3
2874,36,E,7189,22980,1437,28481,1710,21,6
2875,29,E,8288,71409,1115,41437,1192,24,8
2876,56,D,2142,3457,406,21580,1737,11,1
2877,36,A,5797,39108,1184,26019,1710,17,5
2878,47,E,9614,93552,1897,40627,1658,19,8
2879,50,D,2567,3173,468,21694,1609,14,1
2880,55,D,3588,4593,470,38182,1454,11,3
2881,19,A,5758,33001,835,32949,2001,14,4
2882,41,D,2096,4009,587,41871,1832,13,1
2883,48,E,8526,72546,2458,28830,1492,18,8
2884,49,C,2697,4020,842,24716,1612,15,2
2885,46,E,7730,45607,1491,15896,1845,21,6
2886,40,C,3142,7852,916,31084,1825,14,2
2887,47,A,3846,15376,984,28269,1600,13,3
2888,44,D,1939,3576,526,16565,1325,10,1
2889,48,C,3990,14789,840,25960,1622,12,3
2890,32,D,1947,3362,424,39521,1960,14,0
2891,37,A,5859,33412,1178,28060,2118,15,4
2892,41,C,3544,3514,1032,33149,2228,16,2
2893,51,E,7797,5975,1707,39026,1412,17,7
2894,38,D,3718,9437,556,30198,1874,12,2
2895,53,A,6025,36850,593,28597,1245,14,5
2896,35,A,4822,36686,1015,33680,1689,13,4
2897,47,C,3589,436,954,28496,1370,12,3
2898,46,A,4514,27221,1097,17028,1821,16,3
2899,30,C,3645,13876,790,17402,1680,15,2
2900,38,A,5327,15977,1036,25290,2196,15,4
2901,30,B,7381,25569,1187,34938,1834,23,6
2902,33,A,5080,30454,992,41548,2044,16,4
2903,34,A,5770,32726,931,37463,956,15,5
2904,32,E,7973,69812,1471,19483,1310,20,7
2905,34,C,3224,2676,766,39037,1365,15,2
2906,45,E,8223,49245,1451,19902,1529,20,7
2907,44,B,5714,10105,1340,20168,1375,16,5
2908,52,C,4222,7220,694,18159,1027,10,4
2909,54,B,7869,13534,1235,33578,1599,18,7
2910,36,C,4513,8366,836,30062,952,14,4
2911,41,A,5166,21709,876,30427,2135,16,4
2912,47,B,7627,40331,1173,37198,1240,18,7
2913,37,B,6471,27922,1134,17572,1394,17,6
2914,47,D,3118,3541,521,17445,1458,15,2
2915,38,C,3840,12049,678,35907,1524,15,3
2916,36,D,2106,5200,481,38660,1879,14,1
2917,47,B,6001,7482,1191,36003,1738,19,5
2918,36,B,6590,11559,1326,16482,1688,17,5
2919,31,C,3749,387,661,21761,1222,18,3
2920,27,A,4062,23257,1157,30443,2070,14,2
2921,44,A,5167,32940,1088,40415,1676,16,4
2922,51,C,3873,3411,708,33405,2010,15,2
2923,39,B,6472,31389,1143,42055,1768,18,5
2924,40,D,3113,6728,572,40365,1688,8,2
2925,46,B,5679,4829,1039,24228,1265,19,5
2926,61,E,7683,62833,1205,40008,1706,15,6
2927,44,A,5327,22029,926,19101,1923,17,4
2928,59,D,2131,2543,461,33691,1560,11,1
2929,45,E,8139,43131,1993,18812,1299,17,7
2930,34,C,3061,7296,836,34960,1651,17,2
2931,52,A,4879,16282,656,37780,2128,14,3
2932,43,E,8815,84601,1209,29249,2304,16,7
2933,18,D,2676,4259,597,37836,1517,12,2
2934,47,C,3214,6071,752,36510,1864,13,2
2935,36,A,4180,19479,986,17719,1039,16,4
2936,36,E,6780,72291,1786,22769,1688,17,6
2937,43,A,5106,43551,1438,22140,1874,15,4
2938,53,B,5501,21196,1227,33980,1340,13,5
2939,47,E,6445,67550,1759,22474,1644,17,5
2940,32,C,3462,9025,970,41817,1187,13,3
2941,54,C,3591,17001,912,28053,1725,13,2
2942,50,A,5040,21925,1018,15979,1791,18,4
2943,42,B,5168,6831,1270,31547,1729,19,4
2944,43,E,7196,40444,2077,41555,2203,20,5
2945,30,A,5373,21036,879,30658,1406,16,4
2946,36,A,5091,16188,1306,28090,738,16,5
2947,47,D,2572,6889,486,37382,1470,11,2
2948,48,D,3227,9529,448,22162,2136,10,2
2949,45,D,3184,7362,467,29080,1709,12,2
2950,41,B,7848,24331,1141,29929,1521,18,7
2951,41,B,7043,8064,1159,22630,1651,15,6
2952,34,B,7698,10190,1327,31343,895,20,7
2953,38,D,2631,5651,521,16897,2040,10,1
2954,43,A,4947,23069,673,15826,2116,19,3
2955,50,A,4843,29380,1171,31747,1253,17,4
2956,37,A,5636,26592,1023,23556,1137,16,5
2957,33,B,6409,17598,1369,19519,2144,17,5
2958,47,C,3464,10978,675,31574,2092,12,2
2959,45,B,8494,24135,1368,39925,1252,18,8
2960,39,E,6547,67842,2341,24046,1532,16,6
2961,37,A,4654,20416,854,27642,1741,15,3
2962,13,A,4863,33242,1469,34996,1176,18,4
2963,38,E,8548,59481,1359,34407,1905,19,7
2964,45,B,7695,28373,1350,15630,2169,18,6
2965,56,C,3912,5136,737,36384,1876,18,3
2966,40,B,7300,31213,1332,29592,1742,18,6
2967,28,D,789,1903,540,21201,1366,15,0
2968,43,E,7089,24196,1556,36511,1693,18,6
2969,32,C,3236,7519,932,33935,1809,12,2
2970,42,B,7590,18847,1107,24874,1679,15,6
2971,34,B,7591,35635,1245,30690,2002,18,6
2972,38,D,1809,5041,454,15907,1563,16,1
2973,25,A,4433,29196,1100,36898,2151,15,3
2974,38,D,2630,7560,448,29167,1666,14,1
2975,19,D,2555,5221,494,21407,1367,11,2
2976,37,B,6381,19443,1280,25404,1189,18,6
2977,34,D,1231,2677,561,27241,2045,14,0
2978,51,E,8397,27824,2015,17059,2139,18,7
2979,49,E,5566,35271,1521,41848,1551,16,5
2980,23,B,6670,26246,1240,40995,1789,19,5
2981,31,D,2861,2387,508,38814,1892,11,1
2982,21,D,3665,7287,490,18056,2028,13,2
2983,39,B,6991,22141,1091,40087,1414,16,6
2984,59,C,2843,6267,622,25373,1672,16,2
2985,44,D,1391,2867,501,26205,1721,14,0
2986,40,A,5095,26006,989,37642,1929,18,4
2987,30,A,5131,24401,849,20545,1807,16,4
2988,28,D,1826,2768,519,34084,1988,14,0
2989,45,C,3649,3839,911,23779,1724,12,2
2990,28,C,3823,3020,784,27225,2656,15,2
2991,37,D,2175,3550,508,29309,1547,11,1
2992,38,E,8446,23601,1482,25694,1985,18,7
2993,19,B,8725,28879,1271,32658,1617,17,8
2994,38,E,8770,6285,1132,26942,1878,19,7
2995,50,A,4898,33979,967,33144,1525,15,4
2996,40,E,9216,81664,1578,17152,1720,19,8
2997,33,D,2229,6189,485,36984,1477,11,1
2998,38,E,8054,86920,1795,41793,2107,18,6
2999,36,A,5436,39847,1003,33026,1829,20,4
3000,42,A,4433,20655,1029,34135,1560,17,3
3001,66,E,8442,57593,1676,40110,1085,17,8
3002,39,D,3688,5348,461,27034,2146,11,2
3003,34,A,4917,25612,719,36391,2207,21,3
3004,29,B,7577,30352,1185,16795,1396,17,7
3005,50,B,7207,22642,1026,40872,1791,19,6
3006,39,C,3736,12563,801,28429,1646,15,3
3007,34,C,3546,12901,680,34659,2017,12,2
3008,40,B,7198,22766,1304,21003,1305,17,6
3009,37,A,4869,21961,897,33752,2047,13,3
3010,36,C,2970,1114,578,26208,1797,17,2
3011,32,C,3501,4664,887,22005,1926,18,2
3012,39,E,8123,79037,1767,18138,1145,20,7
3013,48,C,3941,12286,741,30631,1801,12,3
3014,29,A,5806,31137,1226,28680,1549,14,5
3015,48,B,4526,12452,1269,42044,1691,20,3
3016,32,B,8228,30943,1242,35081,1872,20,7
3017,36,B,6881,15315,1295,34321,2128,19,5
3018,31,E,8637,42113,1772,37861,1597,21,8
3019,31,E,8579,41477,1685,39747,2074,18,7
3020,31,D,2385,3585,398,36505,1223,12,2
3021,39,B,6291,26182,1234,31447,2096,20,5
3022,52,B,8462,23088,1168,40657,2125,23,7
3023,33,E,8415,53952,1816,38593,1258,15,8
3024,44,B,7022,13870,1352,35099,1915,16,6
3025,51,A,5589,24081,1233,26833,1855,19,4
3026,33,A,5091,36252,1044,36383,1378,17,4
3027,13,C,3958,8488,809,39938,2015,13,2
3028,33,C,4122,16645,803,25768,1642,15,3
3029,40,B,9259,27632,1158,35096,1710,18,8
3030,57,D,2943,4766,490,38593,1855,14,2
3031,27,D,3898,8143,592,16254,1824,11,3
3032,36,C,3869,6218,588,28669,1612,14,3
3033,29,E,8214,55034,1357,21666,1405,19,7
3034,42,A,4661,24416,857,39212,1563,16,4
3035,30,E,8210,45242,1946,34988,1642,19,7
3036,50,D,2573,7707,426,40475,1866,9,1
3037,38,E,7423,7500,1695,31902,1657,14,6
3038,32,D,4029,9382,600,20808,1957,16,3
3039,32,E,9310,89778,1510,25814,1333,22,8
3040,38,D,1500,3705,373,39290,1379,11,1
3041,45,B,7516,29974,1390,21294,2007,14,6
3042,44,B,5618,10680,1295,36695,1433,17,5
3043,42,E,7799,55727,1489,22957,1561,21,7
3044,35,E,8895,76938,1866,21641,2131,19,7
3045,29,C,3403,817,762,26798,1892,12,2
3046,40,C,3128,8669,1006,18834,1214,15,2
3047,36,B,8432,9088,1348,35210,1695,17,7
3048,34,C,3587,10642,665,37524,1217,13,3
3049,39,A,5121,32659,1067,22837,1965,15,4
3050,16,B,7356,16703,1155,40269,1669,15,6
3051,44,A,4957,29446,803,34387,1948,15,4
3052,41,C,3743,16151,573,34853,1956,16,2
3053,43,E,8074,41817,1682,27520,1622,22,7
3054,45,C,3237,5591,722,19115,1555,14,2
3055,31,B,5890,19172,1253,33694,1511,18,5
3056,31,D,1412,3193,580,40309,1714,15,0
3057,42,C,3099,13432,882,34156,1809,13,2
3058,45,B,5656,10420,1230,31344,1698,15,4
3059,44,D,2038,5079,542,21292,1686,11,1
3060,32,D,3790,8233,491,23181,1795,13,2
3061,53,B,6872,16505,1247,24982,2404,20,5
3062,30,E,7433,98490,1297,25775,1248,19,7
3063,39,A,5725,23927,1443,29180,1161,17,5
3064,45,A,5862,31038,1163,24542,1942,18,4
3065,34,C,3516,9379,1069,30523,1984,12,2
3066,26,B,6069,23468,1273,25597,1446,15,5
3067,44,B,6525,8075,1160,28741,1472,15,6
3068,40,D,2506,4690,510,15742,1798,10,1
3069,40,C,3173,6859,811,27645,2152,16,2
3070,27,A,5248,22845,1001,37430,2149,14,4
3071,29,A,5308,20837,1097,37872,1869,16,4
3072,31,D,2815,7658,454,26187,1542,14,2
3073,74,D,707,1375,516,32025,1016,16,0
3074,51,E,7830,25733,1858,22711,1439,16,7
3075,46,E,7916,37856,1840,32582,1761,18,7
3076,44,A,5254,37119,1094,38116,1442,15,4
3077,41,B,7271,26796,1087,23262,1767,17,6
3078,35,C,2981,4966,819,30383,1684,12,2
3079,62,B,5968,22907,1287,20650,787,17,6
3080,50,E,7971,46938,1321,31529,1846,19,7
3081,42,D,3155,7284,501,17042,1878,12,2
3082,33,A,4877,19391,938,39755,2070,19,3
3083,33,A,4979,17511,1472,25846,2377,17,3
3084,52,D,3384,7265,563,16272,2079,13,2
3085,52,C,2983,7969,731,36567,1654,15,2
3086,52,C,3161,625,813,24758,1208,11,2
3087,34,E,7132,57294,2074,24130,1641,16,6
3088,39,E,8024,7206,1350,40539,1967,16,7
3089,29,E,9636,56256,1988,27069,1565,17,9
3090,44,D,3020,6033,530,38919,1286,13,2
3091,34,E,8336,61411,1801,24948,1618,16,7
3092,50,E,8355,74839,1357,32080,2058,21,7
3093,48,E,8613,74015,1607,28566,1907,18,7
3094,33,C,3339,6806,887,38962,1729,13,2
3095,37,B,6388,26289,1231,32606,1844,20,5
3096,43,C,2933,8774,772,36682,1747,14,2
3097,31,C,3590,4186,926,35354,1278,14,3
3098,51,E,8645,110065,1440,41736,1790,16,7
3099,48,E,9190,82152,1736,23191,1671,20,8
3100,37,A,5389,32289,1029,22328,1583,14,4
3101,39,E,7564,49226,1823,26608,1630,16,6
3102,35,C,3269,4269,854,36359,1253,14,3
3103,44,D,2891,5410,546,40654,1416,10,2
3104,43,A,4324,19676,1217,18270,1758,13,3
3105,34,A,4639,14148,821,28108,1612,18,4
3106,51,C,3764,10103,880,30183,1874,15,2
3107,42,D,1823,3769,550,36906,1967,13,0
3108,50,C,3798,6543,903,34426,1397,16,3
3109,31,D,2453,5598,489,18660,1608,12,1
3110,37,A,4727,17191,1206,41423,1607,15,4
3111,61,C,4026,11235,896,18897,1601,14,3
3112,39,D,2408,4749,472,15996,1629,14,1
3113,36,A,4976,34243,1412,29703,2022,16,3
3114,44,D,2356,4326,481,38831,1791,11,1
3115,45,E,8050,69190,1952,29459,1704,19,7
3116,33,C,3189,11713,829,20101,989,13,3
3117,40,A,5385,20573,838,23619,1908,17,4
3118,47,A,4739,32557,969,19492,1793,14,3
3119,37,A,4605,24504,942,25925,1888,17,3
3120,42,C,4260,16254,869,30413,1329,15,3
3121,50,B,5173,17872,1160,32762,2098,15,4
3122,42,D,1986,4904,563,28904,2332,13,0
3123,56,D,2447,4044,490,28397,1366,10,2
3124,27,B,5918,21913,1369,18918,2279,15,4
3125,50,E,8928,64128,2150,29904,1591,14,8
3126,50,A,5018,21953,571,22915,1756,18,4
3127,32,E,7161,60355,1153,18386,1846,18,6
3128,45,D,1837,4048,497,29158,1555,13,1
3129,50,E,7641,50843,1310,36847,2382,18,6
3130,54,E,8146,41922,1727,16986,2156,21,6
3131,30,C,4031,5987,810,22853,2024,13,3
3132,33,D,1236,2396,492,26486,1471,11,0
3133,37,B,7091,15927,1099,33244,2046,14,6
3134,42,C,3770,7919,878,32474,1474,15,3
3135,51,A,4685,17716,1099,41291,1689,17,3
3136,39,C,3432,2985,645,27843,1821,14,2
3137,55,C,3949,5389,713,37000,1911,13,3
3138,34,C,3797,2951,898,24608,1288,16,3
3139,45,E,7746,56250,1658,37064,1751,22,6
3140,34,A,4256,24004,1001,36396,2035,14,3
3141,49,C,2876,1127,825,29567,1406,14,2
3142,50,D,2266,5873,568,34362,2186,16,1
3143,45,A,5577,26185,1061,20665,1671,17,4
3144,39,C,3466,9259,677,26634,1672,12,2
3145,33,E,8879,23543,1557,21143,1719,16,8
3146,54,A,5691,38173,690,29344,1536,17,5
3147,60,D,3160,5464,451,25968,1775,8,2
3148,54,C,3958,3276,717,32305,1658,14,3
3149,38,C,3627,8168,942,28844,1851,12,2
3150,44,A,4874,36487,859,37618,1503,20,4
3151,48,B,9202,39674,1121,32024,1651,19,8
3152,49,C,3876,13181,779,37867,1379,18,3
3153,32,C,3710,4774,950,33593,1915,17,2
3154,35,A,6149,36154,893,41302,1478,13,5
3155,34,D,3315,8394,466,32343,2009,12,2
3156,40,C,3373,11952,801,15911,1776,11,2
3157,33,A,5355,26588,1044,32019,1968,18,4
3158,51,D,3386,6508,501,27308,1723,10,2
3159,53,A,5132,22379,779,18714,1680,20,4
3160,32,C,3050,3370,975,25673,1767,12,2
3161,41,E,9089,15234,853,34976,1672,17,8
3162,26,C,3089,2602,815,31332,1858,16,2
3163,40,D,1345,3627,471,39057,2262,14,0
3164,36,B,5805,18130,1212,35630,1080,15,5
3165,32,A,5017,24364,1239,29294,1438,19,4
3166,58,C,4572,10782,870,33557,1524,12,4
3167,37,D,2184,4604,514,25218,1631,17,1
3168,37,D,2079,3331,534,23792,1397,11,1
3169,37,C,3373,1812,643,24241,1692,13,2
3170,42,A,4829,15522,879,31377,1622,16,4
3171,31,B,7451,14607,1116,20246,1596,16,6
3172,42,C,3392,8629,728,29659,2136,13,2
3173,33,A,5298,37678,1068,25946,1516,15,4
3174,55,D,2185,6789,496,27194,1929,13,1
3175,45,C,3357,1627,1011,40150,1442,13,2
3176,44,E,7684,44033,1717,39253,1399,18,7
3177,20,B,5066,15863,1164,28990,2396,17,3
3178,33,D,2117,5427,555,25004,1881,12,1
3179,35,A,4512,21637,1034,24438,1335,18,4
3180,29,D,2172,4559,475,31767,1460,13,1
3181,51,C,4319,18225,834,21639,1594,15,3
3182,40,C,3516,7811,656,27662,1564,13,2
3183,50,D,2803,5149,541,38960,1534,15,2
3184,19,B,5892,21331,1028,18812,1183,17,5
3185,45,E,7770,57596,2122,15919,1578,15,7
3186,39,C,3511,11056,808,21281,1888,15,2
3187,51,A,4929,36608,968,38757,1678,17,4
3188,36,D,1945,4668,439,32570,1222,11,1
3189,29,A,4959,19836,1265,18058,2277,20,3
3190,36,C,3854,5396,718,29822,1559,12,3
3191,38,D,3165,7127,542,33235,1738,16,2
3192,49,C,3109,12082,776,25005,1953,12,2
3193,38,A,4926,20005,1100,16225,1889,20,4
3194,42,B,6192,25023,1335,16177,1801,16,5
3195,57,A,4681,11689,302,35197,1402,16,4
3196,35,A,4340,17681,1301,34702,1084,15,4
3197,42,C,4087,3306,625,30532,1768,12,3
3198,51,A,4706,37320,1266,25285,1583,18,4
3199,51,B,5865,14111,1101,38623,1457,18,5
3200,53,C,3821,1303,730,28257,1641,15,3
3201,40,C,3682,4557,737,38523,2029,10,2
3202,23,B,8038,17760,1139,36383,1270,15,7
3203,39,D,3523,6696,547,17570,1653,14,2
3204,47,B,7785,16304,902,22268,1955,21,6
3205,32,D,1631,3522,382,20472,1140,13,1
3206,37,E,8384,55396,1139,37298,1931,19,7
3207,47,B,6458,21542,974,19594,1372,14,6
3208,54,B,7324,28115,1039,23485,1786,16,6
3209,60,C,3546,3848,771,20530,1524,16,3
3210,32,D,2726,2914,513,30940,1420,13,2
3211,57,D,2870,3362,539,17075,1640,16,2
3212,53,A,5884,33107,1012,40804,1696,15,5
3213,41,B,8420,14816,1202,39991,1816,15,7
3214,39,E,8302,29999,1723,28452,2070,15,7
3215,22,C,3571,16369,808,32990,1464,13,3
3216,33,B,8461,22153,1325,36012,1883,19,7
3217,47,C,3637,4374,823,26792,1705,16,2
3218,19,D,1384,3339,577,28879,1657,12,0
3219,38,C,3385,5288,852,26987,1438,15,2
3220,39,E,8122,64653,1615,27276,1596,21,7
3221,47,E,8338,30368,2071,16383,1481,20,7
3222,42,D,1767,2978,496,19243,1644,12,1
3223,37,A,5150,30438,915,37635,1857,16,4
3224,47,B,8239,20631,1212,29033,1701,12,7
3225,40,A,4990,23606,1065,29604,1835,17,4
3226,47,B,7261,30055,1359,18290,2244,14,6
3227,48,C,3618,15232,743,18937,2027,12,2
3228,34,C,3418,14974,690,21412,1412,16,3
3229,48,E,9204,78987,1678,21684,1653,14,8
3230,37,E,8603,18560,1947,15753,1489,18,8
3231,50,C,3835,15274,791,35759,2070,18,2
3232,38,A,5339,15931,1167,36728,1601,14,4
3233,39,A,4597,27802,1150,32029,1805,18,3
3234,47,C,3722,9978,810,30756,2285,13,2
3235,46,D,2053,1854,463,40664,1759,13,1
3236,37,A,5658,19937,902,27640,1634,15,5
3237,42,B,7005,14940,1210,41592,1998,18,6
3238,40,C,3363,10388,822,18762,1903,15,2
3239,37,E,7481,52406,1618,24054,1843,17,6
3240,36,D,2495,6002,529,31414,659,13,2
3241,40,C,3550,7819,765,30266,1764,12,2
3242,41,D,2695,5841,518,34694,899,17,2
3243,54,A,5895,50860,1009,41273,1374,16,5
3244,51,D,2696,8035,527,18809,1838,12,1
3245,37,D,2633,4426,518,33596,1823,11,1
3246,32,D,2655,6147,482,27679,1886,7,1
3247,40,B,6162,13889,1118,35835,1857,17,5
3248,37,B,5759,17878,1115,17102,1322,18,5
3249,43,A,5045,39771,990,25619,1913,18,4
3250,36,E,8069,37499,1692,35756,1250,20,7
3251,51,D,1617,3900,569,33848,1685,11,0
3252,39,E,7768,43604,1620,22393,1889,23,6
3253,51,B,5896,7945,987,33469,1769,17,5
3254,30,E,8033,49496,1745,36848,1768,17,7
3255,32,A,5709,32509,1037,25386,2031,15,4
3256,42,B,7561,28320,1075,35563,1257,15,7
3257,49,C,3475,1321,762,18972,1459,12,3
3258,46,B,8011,22176,1110,29388,1481,20,7
3259,52,D,3208,4828,581,23939,1889,15,2
3260,44,C,4174,22007,893,21732,1373,11,3
3261,42,D,1915,4621,567,36803,817,13,2
3262,39,C,3337,4787,734,21618,1613,12,2
3263,28,C,3942,17724,659,18965,1595,13,3
3264,18,D,2175,3497,555,32660,1940,13,1
3265,42,A,5033,20528,1186,26238,1515,20,4
3266,39,C,3761,12867,999,38783,2186,15,2
3267,54,A,5704,15842,914,34665,2336,17,4
3268,33,D,2550,5631,526,26541,1828,16,1
3269,46,D,2445,5626,562,37048,1258,13,2
3270,41,D,3501,8281,485,39240,1928,12,2
3271,32,B,8553,37859,1209,28735,1400,17,8
3272,51,D,1530,2556,465,33903,1338,13,1
3273,41,D,2049,3284,460,28282,1313,15,1
3274,63,C,3630,1881,790,17061,1378,15,3
3275,43,A,4639,20027,912,19968,1950,16,3
3276,49,C,4285,10340,825,26629,1645,15,3
3277,12,D,2880,4481,507,16958,1159,12,2
3278,44,B,7385,26416,1118,32515,1686,19,6
3279,32,A,5494,28063,811,41110,1868,15,4
3280,45,A,5183,19849,1109,38671,1834,18,4
3281,49,D,1847,5448,573,36529,774,13,2
3282,56,E,8866,37544,2508,25989,2193,18,7
3283,20,D,1901,3928,531,17466,1873,14,1
3284,53,A,4503,9711,1046,27679,2239,17,3
3285,50,C,3341,6589,646,22440,665,14,3
3286,32,E,8421,34148,1179,23670,1601,19,7
3287,24,A,4644,15382,1006,42048,1182,16,4
3288,47,C,3862,10260,867,16430,1294,14,3
3289,50,E,8365,57804,1539,41170,1959,14,7
3290,43,D,3577,7373,524,40049,1257,13,3
3291,64,C,2781,10346,936,24697,1887,17,1
3292,40,D,2809,4696,443,41658,1499,11,2
3293,38,D,3002,5585,512,25063,1608,14,2
3294,38,B,6314,17007,1087,21152,1464,19,5
3295,37,A,5635,22569,1259,39944,1223,17,5
3296,39,C,3481,15657,598,22793,2656,18,1
3297,46,E,8331,42817,1583,26414,1133,15,8
3298,35,A,4507,29246,1126,40421,1907,21,3
3299,36,D,1609,3284,453,27785,1496,11,1
3300,41,B,8261,19846,1335,16737,1711,15,7
3301,56,D,3434,4159,428,16842,1214,14,3
3302,42,E,8594,74643,1751,19847,1889,17,7
3303,28,B,7113,25868,1400,28186,1483,19,6
3304,30,C,3272,8801,761,26806,1724,17,2
3305,42,A,4981,39606,1313,16882,858,18,5
3306,63,B,5952,20470,1333,36015,1850,18,5
3307,20,C,2944,5290,865,16781,1539,12,2
3308,36,E,6857,22901,1782,26393,1945,19,5
3309,41,C,2446,3364,579,33328,1755,15,1
3310,35,A,4209,15089,965,22526,1362,17,3
3311,49,D,2032,3736,536,40863,1594,12,1
3312,37,E,9543,28115,1805,25759,1756,18,8
3313,30,C,3516,8941,877,25077,1482,13,3
3314,37,E,7599,23349,1594,36466,1948,18,6
3315,37,A,4779,18991,859,24977,2012,16,3
3316,40,A,5483,29307,986,20198,1735,16,4
3317,37,C,3637,4204,679,41309,1829,12,2
3318,53,C,3303,12283,819,22285,1739,13,2
3319,56,E,8178,32813,1495,20466,1466,18,7
3320,42,B,6115,21298,1181,26044,1746,16,5
3321,46,D,1907,2857,416,39597,1567,13,1
3322,41,A,4198,20995,1382,32386,1753,16,3
3323,50,E,7635,37688,1480,40051,1790,17,6
3324,35,D,1255,2059,447,25050,2125,15,0
3325,23,A,4561,10663,401,36258,1820,17,3
3326,51,E,6903,35421,1471,19857,2244,21,5
3327,37,D,2768,7185,607,39206,2251,15,1
3328,38,E,7613,74103,1312,21190,1521,20,7
3329,20,C,2809,9493,676,23972,2040,14,1
3330,39,E,8528,46457,1797,39498,1875,17,7
3331,43,B,7657,15620,1121,18561,1254,14,7
3332,46,B,7288,22553,1121,27660,1884,18,6
3333,58,B,8601,35942,1216,15931,1894,14,7
3334,60,D,2545,4584,493,25654,1299,12,2
3335,31,C,4078,10424,806,26302,1984,13,3
3336,50,D,2883,5170,523,20853,1894,11,1
3337,27,C,2957,11865,700,30175,1922,13,2
3338,30,D,1772,3641,447,22717,1290,14,1
3339,55,D,3190,4981,387,30851,1785,13,2
3340,38,A,4785,24978,1106,39847,1823,16,3
3341,26,D,2979,6386,496,25477,2072,12,1
3342,50,E,7674,54532,1625,32851,1723,19,6
3343,45,C,3325,6320,764,26745,1797,13,2
3344,49,B,6840,18290,1320,18991,1838,16,6
3345,47,E,8638,96722,1659,30446,1437,19,8
3346,45,A,4206,13819,753,18582,1685,17,3
3347,61,B,7289,27432,1098,19214,1519,19,6
3348,23,B,8154,7522,1232,18794,1724,16,7
3349,40,D,3262,7229,528,23140,1275,15,2
3350,45,B,7311,26963,1229,27626,1200,16,7
3351,34,B,6503,16698,1311,33839,911,18,6
3352,41,C,3293,2276,1039,18313,2454,13,1
3353,32,A,5835,23705,1132,32272,1967,13,4
3354,44,B,7958,36095,1160,22332,1729,11,7
3355,43,D,2085,5026,448,23752,1474,13,1
3356,35,A,5341,34785,734,36103,1786,16,4
3357,37,D,2971,6710,459,34508,1526,13,2
3358,48,A,5270,30431,897,26191,2271,16,3
3359,44,D,2190,5888,527,21584,1200,13,1
3360,38,C,3902,6823,852,18667,1639,16,3
3361,36,C,3898,6886,379,32352,2257,14,2
3362,48,B,7660,22440,1148,21600,1293,21,7
3363,47,E,7686,33263,1001,20639,1700,15,6
3364,34,E,7725,26601,2519,33291,1045,18,7
3365,17,A,4532,27528,946,18378,1351,17,4
3366,37,C,3786,15182,694,22910,2302,16,2
3367,44,E,8258,88718,1643,24286,1532,19,7
3368,26,C,3405,7285,731,39608,1228,14,3
3369,40,E,7092,21875,1378,27945,1707,21,6
3370,44,A,4246,18994,820,29785,2220,15,3
3371,52,E,7954,30962,993,37523,1527,18,7
3372,32,E,7838,37452,1807,37090,2398,20,6
3373,58,A,3928,27226,1235,41277,1455,17,3
3374,48,E,8164,50052,1375,28694,1617,17,7
3375,62,C,4088,10377,991,39246,1606,13,3
3376,27,C,2875,5270,763,26587,1944,15,1
3377,43,C,3128,10767,714,30123,2108,18,2
3378,43,C,3398,6401,900,34940,1573,14,2
3379,25,D,1704,3617,456,18904,1307,10,1
3380,61,D,2514,5281,590,36534,1627,16,1
3381,35,C,3284,3118,821,41811,2049,16,2
3382,27,A,4676,6945,801,39862,2125,15,3
3383,32,C,3654,15304,791,24814,2003,15,2
3384,46,A,4897,15499,1143,17949,1834,17,4
3385,32,E,8318,47682,1646,20954,2122,19,7
3386,42,E,7418,20806,1435,20977,1821,18,6
3387,49,A,5521,25499,1063,16402,1109,15,5
3388,29,D,2321,5074,478,37595,1376,11,1
3389,37,A,4898,15108,1117,24803,1351,15,4
3390,34,C,3803,3449,794,30722,1446,13,3
3391,30,D,2716,4526,478,22377,1960,11,1
3392,34,C,4144,10528,776,30418,2070,13,3
3393,43,E,8618,40359,1804,37737,2085,16,7
3394,52,C,3224,9701,686,18220,1593,14,2
3395,52,B,7377,34160,1207,18359,1959,15,6
3396,54,B,7671,23383,1082,22259,1646,16,7
3397,38,E,8769,85113,1509,40820,1948,16,7
3398,34,D,2805,6685,504,40176,1985,12,1
3399,40,E,7721,34029,1597,15949,1288,18,7
3400,37,B,8999,3810,1216,35132,1902,18,8
3401,36,B,6641,27555,1220,24835,1830,18,5
3402,36,A,5248,22461,1214,34934,1788,13,4
3403,52,E,6732,42766,1989,16543,1394,17,6
3404,60,E,8124,65314,1206,40373,1403,20,7
3405,36,D,2694,4098,500,30675,1968,13,1
3406,28,C,3625,3648,786,29431,1977,12,2
3407,38,E,8349,5264,2043,31374,2083,23,7
3408,45,D,2837,5454,368,22304,2044,13,1
3409,38,C,3942,5027,631,24142,1680,17,3
3410,32,A,5019,26990,1200,29170,1852,16,4
3411,36,C,3822,8395,831,35186,2139,13,2
3412,35,C,3591,2982,932,41098,1973,14,2
3413,39,E,8789,7144,1255,21303,1317,18,8
3414,45,A,4650,24171,764,34112,1578,17,4
3415,36,B,6430,11106,1274,40743,2005,17,5
3416,47,A,4207,11617,897,17745,2037,19,3
3417,35,C,3825,6192,695,18456,2222,15,2
3418,44,C,3797,9673,804,21026,2145,18,2
3419,41,B,6646,22663,1351,41702,1965,18,5
3420,49,B,6773,30727,1010,34447,1551,18,6
3421,47,A,4520,5548,907,36735,1619,18,3
3422,44,B,8101,2701,1279,36642,2555,19,6
3423,39,C,3694,5449,934,17118,1567,14,3
3424,51,C,3791,1113,1064,38551,1406,15,3
3425,45,B,6201,20367,1188,17692,1428,17,5
3426,44,D,2760,5252,572,38772,1743,17,2
3427,18,B,7644,24885,999,15686,1587,16,7
3428,41,C,3686,12243,849,37486,1818,14,2
3429,50,C,3514,4811,720,18433,1710,16,2
3430,56,D,3112,8116,523,25241,1549,13,2
3431,36,C,3826,1813,840,30136,1847,15,2
3432,22,E,7782,71186,2289,24332,1942,14,6
3433,52,D,1241,1860,552,32173,1962,12,0
3434,53,B,7719,25212,1216,28703,1800,17,6
3435,52,C,3042,510,632,33526,1317,17,2
3436,59,C,3902,4572,691,36356,1514,14,3
3437,55,B,8053,10331,1198,27150,1687,22,7
3438,36,E,7856,20257,1026,18950,1563,17,7
3439,35,A,5576,32570,1046,31331,1647,16,4
3440,41,B,7331,24663,1121,31445,1911,18,6
3441,53,C,3772,3877,681,34729,1650,13,3
3442,42,E,9147,66889,1580,16171,1485,16,8
3443,36,E,7104,34028,2251,18318,1417,23,6
3444,45,D,1497,2022,483,27604,1204,12,1
3445,61,E,8586,79390,1657,23931,1853,17,7
3446,33,E,7341,28095,1848,39156,2383,16,5
3447,39,B,6192,16923,1215,21161,1837,14,5
3448,35,A,4349,22558,789,38592,1630,18,3
3449,37,E,8502,48000,2072,35617,1703,19,7
3450,28,C,3513,2740,736,22624,1363,19,3
3451,41,B,7930,15305,1256,22678,2095,17,6
3452,47,C,3098,12963,877,26485,1501,15,2
3453,31,D,2997,3469,505,32430,1506,14,2
3454,33,E,8199,49956,1881,37580,2146,20,7
3455,43,E,8817,71166,1285,33019,1080,19,8
3456,54,D,3240,7702,509,38981,1193,11,3
3457,39,D,2348,4913,451,16838,1199,10,2
3458,47,B,8312,11227,980,21799,1862,15,7
3459,51,B,5445,23315,1165,34101,1242,20,5
3460,41,C,3206,2680,790,32973,1634,14,2
3461,45,A,6052,24459,968,20739,1497,14,5
3462,42,E,7212,64088,1702,28925,2192,17,6
3463,33,A,5221,28380,925,20127,1806,16,4
3464,63,A,6231,32422,831,25763,1427,13,5
3465,42,B,6801,16646,1230,39542,1436,20,6
3466,47,A,5246,34121,967,35968,1558,16,4
3467,20,D,2847,7609,477,18102,2447,10,1
3468,47,B,7106,31500,1242,22014,1367,20,6
3469,59,A,5296,33876,880,22368,1812,15,4
3470,43,D,1913,1484,545,32481,1526,12,1
3471,40,A,4488,24785,1279,37007,1685,18,3
3472,39,B,7311,9314,1081,41479,1568,18,6
3473,27,B,6782,16951,1220,35956,2056,17,5
3474,33,C,3504,12963,659,26858,2841,16,1
3475,51,D,2625,2753,567,35956,1708,11,1
3476,42,E,7583,15676,1267,26613,1798,18,6
3477,49,A,5261,38076,892,40186,1778,14,4
3478,48,D,2624,3773,537,31359,2514,14,1
3479,39,C,3687,7844,874,40657,1916,14,2
3480,38,D,1776,3914,453,15997,1708,9,1
3481,40,A,5472,20199,1177,16427,1803,16,4
3482,44,C,3123,1926,764,31355,842,17,3
3483,37,B,5559,15771,1061,39318,1516,19,5
3484,38,A,4499,17956,987,28837,1612,15,3
3485,45,D,2638,4118,478,16805,1774,14,1
3486,37,A,4219,19553,888,37686,1376,13,3
3487,28,C,2787,6444,793,23778,1492,17,2
3488,40,E,8061,69479,1967,30431,1519,21,7
3489,33,D,2549,5886,532,28778,1631,12,1
3490,46,D,2829,7560,531,30805,1702,13,2
3491,29,E,8481,25416,979,42119,1978,19,7
3492,36,D,2245,3579,569,26368,1461,11,1
3493,44,E,7836,93264,1023,27445,1592,15,7
3494,51,B,6297,10551,1389,37741,1764,18,5
3495,45,D,2926,8304,494,37707,1523,13,2
3496,18,C,2920,10516,774,35160,2278,15,1
3497,51,C,3625,10844,855,21433,1953,16,2
3498,38,B,6698,20105,1063,19580,2240,18,5
3499,56,D,2642,4638,486,24632,1882,11,1
3500,42,D,1414,733,491,25607,1945,15,0
3501,54,D,1511,3033,493,33559,1368,12,1
3502,35,D,2295,4334,534,20297,1488,11,1
3503,21,B,7575,31269,1388,20761,1587,16,6
3504,37,A,4402,21881,1332,41803,1482,16,3
3505,43,E,8460,55876,1213,16084,1791,17,7
3506,41,D,2568,4356,452,17283,1693,13,1
3507,46,D,2392,4684,598,18901,1415,13,1
3508,43,C,4118,7992,791,19061,2169,13,2
3509,38,E,7850,112891,1639,34297,1904,19,6
3510,36,E,7405,46322,1512,39799,1965,19,6
3511,58,E,8984,47062,1591,25984,1597,18,8
3512,31,A,4621,19309,834,28813,1997,21,3
3513,40,E,6917,49547,1315,41757,1885,18,6
3514,42,A,4957,11761,875,32058,1811,14,4
3515,48,C,2874,4346,883,15651,1262,13,2
3516,38,B,7634,14801,1319,30242,1848,15,6
3517,22,B,7850,31475,1232,21524,1806,17,7
3518,28,E,7869,62575,1309,37890,1639,17,7
3519,20,D,2697,4970,498,35218,1101,11,2
3520,38,B,6208,21037,1223,35844,1754,16,5
3521,44,A,5395,24927,1188,22952,1441,13,4
3522,38,E,8561,54956,2044,21920,1887,16,7
3523,23,A,5254,13214,869,25415,1504,19,4
3524,51,D,2049,5421,540,41540,1319,12,1
3525,50,B,8709,22788,1171,27137,1381,17,8
3526,51,B,7319,24181,1294,20954,2048,20,6
3527,45,E,7862,18112,996,38088,1597,21,7
3528,50,E,7226,46909,1399,35272,2157,16,6
3529,62,B,6823,20361,1313,29524,1130,21,6
3530,43,C,2931,8487,880,27020,1593,15,2
3531,56,C,4484,6402,752,28387,997,15,4
3532,34,D,2325,2175,480,20628,1525,14,1
3533,23,B,8407,21194,1086,21677,1927,19,7
3534,35,B,7545,14296,1219,24464,716,17,7
3535,44,D,2033,4840,489,26317,1841,11,1
3536,29,B,7810,14552,1136,29601,1950,19,6
3537,24,B,6498,5343,1226,40567,1721,12,5
3538,64,D,3619,7217,391,38583,1506,9,3
3539,44,B,6112,25565,1196,32391,1872,18,5
3540,46,A,5311,21035,1424,18540,1234,13,5
3541,33,E,8950,36899,1421,22565,1710,22,8
3542,40,A,4569,27186,1032,32180,1907,15,3
3543,57,E,7926,57191,1675,29277,1305,16,7
3544,18,C,3244,8052,795,40433,1642,15,2
3545,27,B,7048,19328,1060,36174,1543,19,6
3546,32,E,8310,49739,1388,40148,980,18,8
3547,58,E,7855,15489,1894,39863,1942,18,6
3548,43,E,7037,52188,2075,40410,1296,18,
3549,48,D,3939,12730,572,29754,2001,13,
3550,46,A,4409,23762,945,29589,2138,17,
3551,29,E,7772,33360,1832,35886,1546,19,
3552,34,D,2554,6801,515,28361,1728,14,
3553,40,C,3410,10074,684,20718,2157,11,
3554,21,D,1478,1281,498,21206,1109,13,
3555,19,D,3024,5911,488,17940,1961,13,
3556,32,D,2087,3780,445,19009,1581,12,
3557,50,B,6387,12828,1118,34098,1205,16,
3558,41,B,5107,21212,1389,19008,1592,17,
3559,44,C,4340,14420,876,38353,1849,14,
3560,44,D,1865,4374,522,38167,2572,10,
3561,51,C,3131,10765,735,28983,1915,18,
3562,39,E,9306,55475,2011,42082,1351,19,
3563,33,E,8033,13616,2258,21796,1668,19,
3564,30,D,3077,3472,469,35957,1614,11,
3565,53,C,3611,13771,728,18107,1766,14,2
3566,37,C,3221,4793,796,32883,1647,17,2
3567,35,D,1568,3204,499,35621,939,10,1
3568,32,E,9270,61465,1926,37463,1776,19,8
3569,53,A,4393,36735,844,28720,1693,16,3
3570,45,D,2760,4937,488,38667,1640,16,2
3571,33,B,8361,29073,1259,17926,2311,19,7
3572,31,B,5155,2368,1178,36094,1643,16,4
3573,36,E,7286,64244,1477,20860,1485,18,6
3574,46,A,5013,12049,1100,39650,1760,18,4
3575,40,E,8173,65811,1116,41181,2184,22,6
3576,33,C,3691,1532,564,29096,1794,17,2
3577,46,D,2433,3328,408,26572,1606,8,1
3578,52,C,3247,929,626,20212,1821,14,2
3579,48,A,4310,14661,773,19790,2190,17,3
3580,37,E,6821,79690,2039,16336,1788,18,6
3581,52,B,7248,23282,1066,18728,1318,14,6
3582,53,D,1642,3148,474,23917,1500,11,1
3583,26,B,5187,11669,1110,31651,1584,14,4
3584,45,C,3329,4151,723,23918,1464,13,2
3585,41,A,5899,22827,1085,25648,1306,17,5
3586,29,B,7910,24767,1312,15979,1411,16,7
3587,44,B,8097,34070,1280,38190,1211,17,7
3588,30,A,4906,27824,835,39765,1624,17,4
3589,45,D,2469,5477,511,39521,1732,11,1
3590,42,B,7144,25226,1279,18386,1798,17,6
3591,37,D,2222,3317,483,41813,1572,13,1
3592,21,E,8613,54005,1429,15715,1604,20,8
3593,52,A,5070,23242,757,24330,1404,19,4
3594,36,A,4407,29968,878,37782,1830,17,3
3595,51,A,5004,27554,1006,16694,1825,12,4
3596,42,E,7093,31910,1281,16670,2431,19,5
3597,38,C,2364,3136,876,36187,1190,18,2
3598,42,D,3406,10371,444,42033,1864,10,2
3599,49,A,4419,13121,1523,41279,2013,14,3
3600,42,B,5721,20945,1293,33447,1315,14,5
3601,65,C,3297,26,932,16541,1594,13,2
3602,55,A,4109,24629,1156,29520,1592,16,3
3603,51,B,5236,16908,1242,39567,2152,17,4
3604,49,B,7611,27874,1267,16648,2034,19,6
3605,56,C,2532,3012,690,30831,1696,12,1
3606,37,D,1784,3023,456,30615,2323,14,0
3607,25,B,6701,17726,1237,32225,1595,15,6
3608,39,A,5218,39457,631,23110,1680,17,4
3609,40,E,8638,40580,1650,17998,1794,15,7
3610,54,C,3827,6645,571,28794,2385,15,2
3611,32,A,4951,20224,1206,34837,1576,17,4
3612,52,B,6187,24190,1213,24904,1312,17,5
3613,56,E,8716,45886,1242,37634,1877,18,7
3614,41,C,4099,12562,837,40038,1613,15,3
3615,22,D,1688,3703,509,40568,1893,13,0
3616,46,C,3907,11613,742,41680,2074,12,2
3617,46,B,8722,19155,1508,33393,1629,16,8
3618,43,A,5343,41903,1389,39850,1341,16,5
3619,53,A,4574,18661,1288,31631,1929,17,3
3620,48,A,5032,10917,1316,39309,1989,20,4
3621,42,C,3124,7804,810,20939,1865,13,2
3622,37,D,3049,7886,516,30797,1946,11,2
3623,44,B,8030,19108,1077,22219,2664,17,6
3624,40,B,6263,31699,1337,21578,1792,18,5
3625,49,E,7879,56942,1817,17988,1806,14,7
3626,21,E,8020,38083,1675,24443,1121,21,7
3627,49,D,2162,4127,478,20243,1207,14,1
3628,46,A,4753,28353,808,36554,1790,14,3
3629,46,D,2786,5974,582,34563,1500,14,2
3630,33,D,2480,6348,525,18845,1986,13,1
3631,41,B,6808,11800,1168,24591,1341,19,6
3632,23,B,8297,36373,1116,38807,1789,18,7
3633,58,C,3169,10436,836,37898,2405,17,1
3634,40,D,1636,4012,509,41619,1703,12,0
3635,37,E,8491,59467,1547,27794,2169,15,7
3636,48,C,2899,6130,775,26911,1410,12,2
3637,25,D,1963,5071,605,29268,1596,18,1
3638,39,C,3763,387,767,25644,1675,16,3
3639,48,A,5526,12806,580,29697,2049,17,4
3640,41,B,6444,27824,1291,17323,1918,20,5
3641,38,B,6439,20244,1174,34693,1452,19,5
3642,37,D,2333,3126,516,27104,1349,11,1
3643,50,D,2816,5388,585,28940,1891,14,1
3644,40,A,4194,24632,835,40535,1477,14,3
3645,59,B,7627,7827,1046,37738,1957,17,6
3646,20,A,5104,25166,1059,28530,1908,15,4
3647,54,C,3527,2626,882,23897,1294,11,3
3648,59,B,6770,7034,1127,20648,1842,17,5
3649,40,E,8424,4030,1712,20802,1598,18,7
3650,24,B,7697,27330,1056,26737,1081,18,7
3651,44,C,3362,11116,1019,20459,1950,14,2
3652,41,D,3114,6658,573,36744,1917,13,2
3653,54,C,3740,12463,621,26167,1349,15,3
3654,61,A,5547,30840,806,25750,1795,16,4
3655,57,D,3828,6994,424,24205,2404,13,2
3656,39,C,3541,3612,663,16722,1775,14,2
3657,61,D,3195,6923,612,38934,1347,12,2
3658,50,C,2951,2295,814,41185,2077,17,1
3659,39,D,2184,4952,444,32960,2109,12,1
3660,54,B,8574,21832,1325,26927,1640,18,7
3661,32,C,3030,4619,496,24329,1363,14,2
3662,28,D,2191,3523,461,15797,1869,14,1
3663,33,A,5571,23375,1030,17081,1472,16,5
3664,52,E,7833,47145,1403,41680,970,19,7
3665,58,C,3877,6775,528,32345,1401,16,3
3666,37,D,3248,8071,531,41172,1790,14,2
3667,50,B,6323,18093,1280,25988,1890,20,5
3668,43,A,4185,25804,1192,36517,1538,23,3
3669,57,C,4004,3782,726,32292,1710,13,3
3670,28,E,7629,77035,2257,24083,1729,19,6
3671,34,D,2517,4520,614,30069,1772,15,1
3672,28,C,3485,14781,669,30682,2614,13,1
3673,40,D,2078,3642,605,32550,1188,12,1
3674,48,B,5858,25063,1241,21646,2045,16,4
3675,37,A,5073,37470,1065,39153,1388,16,4
3676,47,C,3316,10622,700,38454,1951,13,2
3677,32,A,4172,18429,816,20316,1557,17,3
3678,47,C,3613,634,866,39399,1782,14,2
3679,50,E,9366,36534,1558,29355,1739,15,8
3680,31,C,3077,8452,917,31829,1898,12,2
3681,40,E,8195,41977,1694,39300,1463,21,7
3682,41,B,8340,23878,998,41406,2110,17,7
3683,6,C,3710,8444,747,34675,2269,12,2
3684,33,A,5033,15484,1301,26721,1146,18,4
3685,51,A,4889,16210,1112,20098,2222,19,3
3686,42,C,3378,8302,835,24085,1616,14,2
3687,22,B,5903,12141,1231,32140,2110,20,4
3688,18,A,4883,22586,1094,27181,1381,15,4
3689,35,E,7351,17960,2451,22249,1730,18,6
3690,16,D,2375,3366,561,37552,1021,13,2
3691,41,C,3410,2709,836,32012,1225,13,3
3692,43,C,3547,5031,811,17331,1584,15,2
3693,43,D,1693,3810,576,29452,1690,10,1
3694,50,E,7689,54609,1686,41923,1260,20,7
3695,27,A,5555,24798,991,28912,1565,16,4
3696,32,B,6773,19667,1027,26211,1165,18,6
3697,32,D,2528,6201,477,34536,1688,13,1
3698,63,B,7934,28468,1122,38184,2205,18,6
3699,61,B,7666,29797,1191,16161,1711,19,6
,57,B,7864,15322,1306,36006,1512,18,7
,36,E,8045,57124,2207,20303,1424,19,7
,34,E,7031,64797,2131,18286,1854,15,6
,58,D,3551,9338,502,17961,2327,13,2
,39,D,2537,5420,433,18491,1687,13,1
,45,A,4936,21193,866,19054,1799,15,4
,34,C,4281,16657,848,22218,1681,13,3
,32,E,9259,38495,1466,38751,1641,15,8
,34,C,3326,61,727,33645,1836,16,2
,39,D,3899,2934,519,24838,1626,11,3
3710,42,A,5217,17946,1153,40819,1512,15,4
3711,54,E,8256,16809,1451,24669,2035,17,7
3712,44,E,7739,24004,2081,36426,1853,19,6
3713,31,D,1854,3918,597,23543,2082,11,0
3714,55,A,5108,15200,1090,20866,1847,18,4
3715,46,C,3190,14619,577,27591,1596,16,2
3716,46,C,4054,13315,680,21365,1923,15,3
3717,59,D,2109,3235,521,25548,2158,16,0
3718,50,D,3002,4873,501,37365,1397,11,2
3719,14,D,2737,4243,427,29902,1623,10,2
3720,31,E,8507,38604,1863,24696,1638,17,7
3721,44,C,4051,6897,682,35955,2051,16,2
3722,31,B,7107,25111,1171,31175,2548,19,5
3723,39,B,5707,14955,1003,39021,1500,17,5
3724,46,D,2029,6591,475,40497,1497,9,1
3725,40,D,2668,6441,444,41494,1730,11,1
3726,39,E,7778,29305,1767,38307,1221,21,7
3727,31,E,7786,31082,1349,29323,1545,17,7
3728,61,A,5028,22918,1272,35861,1980,18,4
3729,41,D,1904,4678,506,26075,1661,13,1
3730,35,C,3248,3481,693,16328,1747,16,2
3731,33,C,3842,3074,850,23140,1853,13,2
3732,49,C,2974,8232,822,28788,976,13,2
3733,34,B,6705,26922,1184,32381,1611,16,6
3734,35,D,2230,4066,494,41389,1377,14,1
3735,31,A,5102,25542,869,23125,1624,17,4
3736,37,B,5345,26401,1185,32203,1514,17,4
3737,50,B,5992,17001,1151,21414,1675,20,5
3738,40,E,6815,17412,1874,17092,1668,20,6
3739,51,E,8741,80713,1872,40811,1501,17,8
3740,43,A,4486,27971,889,35126,1607,15,3
3741,45,E,7414,25529,1691,39882,1149,18,7
3742,41,C,3509,14797,1004,17984,2105,16,2
3743,40,C,3775,3994,768,20226,1231,13,3
3744,43,E,7266,76353,1761,32333,1839,19,6
3745,44,E,8312,33904,2136,39375,2025,17,7
3746,47,D,2205,4131,552,41689,1754,10,1
3747,40,B,8246,25695,1259,21832,1457,14,7
3748,23,C,3429,3013,836,21829,2393,15,2
3749,57,B,7648,11299,1154,41527,1675,17,6
3750,31,D,3281,2737,407,34733,1533,13,2
3751,45,C,3939,11119,777,41318,1635,15,3
3752,36,E,7327,82381,1714,29108,1887,21,6
3753,35,D,3335,3874,534,25701,1618,10,2
3754,30,A,5983,23548,1220,26634,2017,16,4
3755,47,B,6897,14733,1286,25235,1481,18,6
3756,38,D,1924,3525,476,28628,1495,11,1
3757,43,D,2613,3858,490,18070,1568,14,2
3758,49,A,4531,28072,871,17235,1318,18,4
3759,32,D,2295,5139,577,21944,2088,14,1
3760,35,B,7087,17942,1186,22598,1328,18,6
3761,32,B,6488,9863,1265,29986,1636,17,5
3762,31,B,8499,14923,1169,26449,1762,17,7
3763,53,E,7376,57705,1552,27183,2036,21,6
3764,44,B,6321,15179,1114,39413,1654,19,5
3765,48,C,3024,2677,1006,31796,1858,14,2
3766,38,C,3267,4157,864,20280,1582,15,2
3767,38,B,5965,14563,1324,24762,2277,16,4
3768,47,E,8138,91570,1550,24842,2744,19,6
3769,55,A,4531,20124,1103,29618,1158,15,4
3770,52,A,4570,21003,908,35983,1811,14,3
3771,42,B,6724,20153,1147,37984,1530,14,6
3772,42,C,4239,5954,964,35555,1666,14,3
3773,34,A,4995,26144,792,28299,1905,14,4
3774,36,E,7994,53371,2102,38334,1521,19,7
3775,39,E,9123,19092,2147,23070,1741,18,8
3776,56,E,7845,69084,1870,31738,1443,19,7
3777,41,A,5352,23678,758,30622,1531,17,4
3778,54,E,7674,70821,1873,17576,2309,20,6
3779,25,B,4909,22932,1157,28081,1415,18,4
3780,45,B,6657,25927,1178,21775,2200,17,5
3781,34,A,5434,32894,910,26183,1720,17,4
3782,54,B,6911,22774,1203,41857,1274,17,6
3783,41,E,8938,87276,1358,30102,1297,17,8
3784,59,E,7478,41845,2198,31722,1437,22,7
3785,53,C,3526,14745,693,21641,1580,12,2
3786,38,E,8606,108336,1878,33201,665,25,8
3787,51,C,3828,11334,893,30402,1851,15,2
3788,49,C,3430,9289,782,26806,1850,13,2
3789,33,A,4774,26979,1163,24832,1778,15,3
3790,40,C,3483,5723,957,16434,1045,15,3
3791,37,C,2858,8309,936,35940,1910,13,1
3792,34,D,2197,2577,481,36835,2005,14,1
3793,48,A,5136,29710,880,37897,1685,16,4
3794,37,B,7106,9142,1115,28562,1855,17,6
3795,42,C,3225,100,817,24853,1830,16,2
3796,51,A,4663,3099,1028,41974,2150,16,3
3797,54,B,7146,8456,1203,19850,2176,16,5
3798,38,C,3825,9887,897,16183,1901,15,2
3799,39,B,7734,21646,1091,27355,1596,16,7
3800,42,B,7098,29852,1310,33037,2064,18,6
3801,44,B,6574,13995,1274,23669,2005,16,5
3802,43,A,4627,33653,949,21838,1280,18,4
3803,22,D,2222,5108,427,17159,1833,15,1
3804,33,B,6989,6277,1234,24878,1929,16,6
3805,,B,7337,23654,940,20095,1884,17,6
3806,,D,2315,4152,492,34504,1838,10,1
3807,,D,3365,8589,485,36628,1005,16,3
3808,,A,4610,23227,971,30848,1839,16,3
3809,,B,5989,20882,1108,26137,1380,19,5
3810,,D,2774,6640,480,31727,2080,10,1
3811,,C,4061,4801,746,17041,1447,15,3
3812,,C,3407,6019,849,30141,1897,14,2
3813,,E,8732,26767,1542,34740,1531,21,8
3814,,C,3239,7516,817,37082,1968,16,2
3815,,A,3823,8389,1145,35285,1679,21,3
3816,,D,2115,3360,505,34916,1822,11,1
3817,,A,4384,25720,1354,32084,1619,16,3
3818,,C,3145,7021,862,37235,2088,14,2
3819,,B,7080,18364,1205,33449,1767,18,6
3820,,A,5636,37390,911,40815,2098,17,4
3821,,A,4903,12183,1348,22265,1929,18,3
3822,,D,1547,3429,535,35868,1839,10,0
3823,40,C,3594,8448,755,33488,1975,13,2
3824,46,E,8002,53972,1880,26193,2434,18,6
3825,44,A,5227,25388,1208,31327,1433,19,4
3826,35,B,7396,22871,1242,24004,1936,17,6
3827,32,C,3393,11870,846,29756,2196,17,2
3828,38,B,5588,21121,1437,19144,1597,19,4
3829,52,C,3545,11108,681,34784,1695,15,2
3830,34,E,8171,66099,1952,38287,1487,19,7
3831,49,C,3418,7992,915,38765,1145,12,3
3832,42,C,4142,3822,816,28150,1927,17,3
3833,48,B,6614,18587,1131,23046,1803,23,5
3834,38,A,4999,23296,1067,35141,1783,16,4
3835,40,E,8667,29057,1876,39158,1918,18,7
3836,38,D,2858,8024,571,40451,1702,12,2
3837,26,B,6173,22262,1181,41197,2489,16,4
3838,39,E,8916,45543,2348,30894,1439,18,8
3839,40,E,8111,68257,1606,18147,1721,18,7
3840,41,D,1356,3917,530,39232,1814,15,0
3841,36,E,7534,11375,1315,28876,2344,18,6
3842,39,C,2806,209,1106,30975,1927,13,1
3843,27,C,3698,14187,877,24355,2013,14,2
3844,40,D,1662,2402,528,17629,1847,12,0
3845,55,C,3027,6222,943,17447,1358,16,2
3846,32,E,8658,56729,1680,29868,2185,17,7
3847,41,A,4293,21621,1053,18136,1996,16,3
3848,58,B,5561,17137,1274,31066,1751,14,4
3849,46,C,3371,3854,787,25016,875,14,3
3850,36,A,5710,20708,954,18078,1970,19,4
3851,44,B,7533,4036,1474,29000,1446,16,7
3852,41,B,7974,19512,1398,41352,1832,20,7
3853,34,A,4557,25225,1225,38295,1566,16,3
3854,33,E,7710,99090,1133,15893,1572,18,7
3855,38,E,7459,46760,1565,26536,1440,21,7
3856,32,D,2673,6319,527,17016,1802,14,1
3857,42,C,4147,9488,759,35541,1913,14,3
3858,28,B,6880,32054,1299,25343,1247,15,6
3859,17,E,7905,76698,1418,21403,2316,18,6
3860,33,B,6910,20542,1215,18216,1512,20,6
3861,31,A,4806,28322,1042,27730,1341,11,4
3862,45,A,5456,15120,1160,16881,1469,18,4
3863,46,C,2615,2806,682,22099,905,13,2
3864,45,A,4850,26528,1068,16787,1517,17,4
3865,17,B,6953,7632,1351,37386,1553,16,6
3866,46,B,5676,25162,1299,21445,1445,18,5
3867,32,A,5339,29591,818,21779,2169,13,4
3868,42,A,5274,14632,980,19217,2306,15,3
3869,38,A,4726,18446,893,40789,1629,14,4
3870,32,D,2644,5161,547,39347,1882,12,1
3871,29,C,3531,5557,900,30798,1438,15,3
3872,23,A,5455,36405,1057,29277,1348,17,5
3873,44,B,7451,5846,1152,26607,1694,21,6
3874,41,C,4178,6994,1057,19296,1003,14,4
3875,31,B,8675,37413,1089,22436,1409,18,8
3876,59,B,7668,18463,1293,19623,1739,15,6
3877,62,A,4656,23994,797,38415,1375,17,4
3878,33,C,3091,4864,1069,27354,1499,18,2
3879,45,A,5163,16874,863,31624,2025,15,4
3880,39,A,5355,32320,1113,34956,2240,17,4
3881,48,C,3184,4896,814,19561,1863,16,2
3882,32,E,6559,55608,1534,19451,1892,18,5
3883,41,D,2303,1357,520,19910,1235,13,2
3884,49,A,4077,18129,952,38817,2305,20,2
3885,53,B,6789,29577,1162,35576,1353,17,6
3886,41,E,6734,18836,1828,19840,2185,21,5
3887,38,A,5117,19601,720,15866,1198,18,4
3888,55,B,7047,18157,1110,25174,1395,15,6
3889,33,D,3390,1791,553,15941,1535,11,2
3890,33,B,7963,7193,1191,41054,2080,19,6
3891,41,D,3041,5804,489,33512,1472,13,2
3892,43,E,8050,34988,1686,41182,1389,18,7
,41,B,7657,31206,1218,41571,1631,21,7
,43,D,2294,5534,441,39855,1693,11,1
,42,A,5515,18130,885,27795,2120,17,4
,30,E,8135,57164,1353,34668,1637,18,7
,39,C,3594,6415,714,39867,1833,12,2
,33,B,7064,15250,1262,31004,2648,15,5
,43,D,2926,4624,533,35182,1283,14,2
,46,C,2988,9551,842,16093,2161,20,1
,55,D,3120,6605,440,19723,1855,11,2
,37,B,5485,19569,1169,36910,2001,16,4
,29,D,1359,2922,540,19201,2040,16,0
,26,C,3448,17357,635,19124,1654,16,2
,58,D,2526,3227,625,39844,1687,10,1
3906,33,C,3438,8586,930,28826,1637,12,2
3907,34,C,3590,1811,974,23762,2175,12,2
3908,40,D,2133,3891,522,21175,1660,14,1
3909,38,A,5853,19209,957,23934,1845,17,5
3910,43,B,7986,39754,1123,26559,1467,17,7
3911,36,B,7591,22418,1166,39752,1144,18,7
3912,48,A,4994,38575,1216,23117,2298,17,3
3913,44,C,3328,4773,647,38184,1650,16,2
3914,44,C,3400,5439,781,31387,1448,14,2
3915,62,D,2766,7649,482,38156,1129,10,2
3916,28,A,4494,26508,1065,30070,1275,17,4
3917,32,B,5141,13015,1164,35095,1495,17,4
3918,29,E,6930,45517,1909,36499,1786,19,6
3919,33,B,7334,29545,1163,24047,2080,17,6
3920,51,B,8886,24865,1255,23928,1706,18,8
3921,61,A,4795,28833,1068,26102,1364,17,4
3922,45,C,3363,4287,975,16683,1989,15,2
3923,23,D,1919,3850,548,25997,1464,13,1
3924,34,B,7636,17036,1183,34287,1846,14,6
3925,33,B,7395,23738,1391,30550,1454,22,6
3926,44,C,4140,8799,851,21366,1569,14,3
3927,23,E,7645,69117,1916,21158,1401,19,7
3928,44,E,8982,40643,1432,36282,1699,21,8
3929,47,C,3216,9634,674,28895,2159,13,2
3930,50,B,7702,14486,1037,34870,1789,21,6
3931,55,E,7880,35129,1421,40191,1995,16,6
3932,42,A,5098,26093,1096,26060,1708,18,4
3933,40,D,2643,6349,546,25443,2337,12,1
3934,29,E,6741,48640,1644,39985,2114,19,5
3935,37,E,7630,38396,2075,36165,1989,18,6
3936,36,A,5525,45395,651,20379,1670,19,4
3937,30,E,8046,57074,1138,15871,1626,14,7
3938,53,B,7609,18976,1187,40430,2232,14,6
3939,20,A,5172,17825,595,37309,1717,15,4
3940,53,B,7393,27704,1218,21642,1742,15,6
3941,40,B,6797,22671,1404,40888,1292,17,6
3942,46,A,4886,18344,1236,24504,1952,13,3
3943,43,E,7296,36302,1501,28015,1688,17,6
3944,54,A,5798,32351,731,35520,1366,17,5
3945,47,C,2998,4324,709,19590,1248,15,2
3946,45,A,4725,21696,1111,34608,1499,15,4
3947,39,D,3292,4765,489,29279,1709,16,2
3948,47,E,8300,68701,2046,24991,1840,21,7
3949,39,E,9217,60673,1447,30175,1764,18,8
3950,35,B,6902,15221,1095,39975,2171,17,5
3951,26,D,2102,1680,539,24784,1532,12,1
3952,53,E,8194,31117,1416,26490,1888,18,7
3953,29,A,4403,30656,880,36437,1657,18,3
3954,50,A,5434,15476,1009,27488,1745,18,4
3955,35,D,2608,4231,447,29113,1835,11,1
3956,22,A,5040,20865,1264,36591,1661,17,4
3957,27,C,3466,5262,793,26993,1704,15,2
3958,33,C,3387,9119,905,23043,1455,12,2
3959,46,C,3208,5407,833,36918,2078,10,2
3960,45,C,2391,4939,855,27334,2164,12,1
3961,27,B,7556,27613,1164,38035,1378,19,7
3962,37,E,7485,47656,2194,30300,1478,18,7
3963,50,C,3766,13081,725,27810,1881,15,2
3964,43,C,3716,9066,867,39192,1106,14,3
3965,24,E,7459,45228,2148,39526,1855,18,6
3966,45,D,2818,6412,519,28996,1739,13,2
3967,53,C,4831,11467,636,38753,1904,16,3
3968,47,A,5186,27588,1124,19931,1375,18,4
3969,29,E,8109,540,1889,30927,1812,15,7
3970,33,E,8262,45781,1270,21715,1563,22,7
3971,42,C,3567,6603,811,39723,1875,16,2
3972,36,C,3850,397,798,39064,2077,12,2
3973,42,E,8699,81495,1976,30147,2221,19,7
3974,53,D,3240,5284,457,19822,1520,12,2
3975,47,D,2404,4002,494,37826,1329,14,2
3976,43,E,6973,38324,1615,19398,1199,17,6
3977,54,B,7598,30528,1247,27720,1726,15,6
3978,39,C,3713,4932,956,22598,1986,13,2
3979,29,C,2807,5396,814,25916,1255,12,2
3980,31,C,3661,11572,827,26933,2265,16,2
3981,37,D,2218,5684,427,20130,1782,16,1
3982,25,E,6601,21311,1732,23388,1822,18,5
3983,39,B,8020,26197,1094,17366,1058,18,7
3984,51,C,4012,3832,893,22605,1189,17,3
3985,42,E,8711,46661,1768,19251,2026,20,7
3986,34,E,7635,17000,1796,40884,2468,17,6
3987,27,D,2593,4510,477,32398,1045,11,2
3988,33,A,5467,28156,1018,33391,2123,17,4
3989,17,A,4497,25634,803,19061,1764,15,3
3990,17,E,7660,28571,2016,37716,1259,19,7
3991,31,C,3733,7156,692,19629,2037,13,2
3992,43,A,5420,30903,967,28983,1458,16,4
3993,42,A,5267,12306,1125,23797,1416,18,4
3994,37,B,6254,19688,1116,21510,1656,17,5
3995,47,C,3510,5428,836,33253,1331,16,3
3996,49,B,6769,26655,1201,15769,2369,16,5
3997,33,D,2627,2978,386,19732,1926,9,1
3998,48,B,8260,11192,1211,33995,1595,20,7
3999,31,A,4947,17927,889,40184,1355,14,4
4000,53,E,7527,12021,1704,39752,1435,21,7
4001,45,E,7935,62812,1871,35649,2039,20,6
4002,48,E,8454,108435,1735,33229,2082,17,7
4003,30,D,3070,5059,554,32172,1046,14,3
4004,47,B,8523,21073,1055,18807,1480,18,8
4005,28,B,7365,8356,1132,35400,1942,16,6
4006,48,C,3199,4736,853,35893,1617,19,2
4007,40,E,8023,73648,1685,27797,1577,19,7
4008,32,D,1805,2863,448,17940,1499,15,1
4009,52,B,7280,18720,1295,35004,1676,19,6
4010,36,E,7208,46416,2019,32457,1859,17,6
4011,25,C,4368,7844,825,25282,1008,17,4
4012,47,E,9077,28091,1574,23045,2236,18,7
4013,48,A,5127,29225,1059,22494,1964,16,4
4014,40,B,8232,31326,1274,19833,1985,19,7
4015,35,C,3546,2221,805,25111,2001,15,2
4016,43,D,2294,4727,510,32955,1076,15,2
4017,36,C,3334,12348,719,27734,1732,19,2
4018,56,B,6057,17936,1184,17443,1770,18,5
4019,36,B,7765,32397,1412,19106,1454,20,7
4020,27,D,2756,6489,541,34310,2023,9,1
4021,33,C,3490,1814,900,27058,1503,16,2
4022,41,A,5293,20204,963,34598,2694,16,3
4023,41,D,3633,7323,447,19320,1071,13,3
4024,39,D,2986,5862,601,31455,1836,11,2
4025,33,D,2275,4162,528,36483,1750,12,1
4026,30,D,2783,7999,516,29988,1860,13,1
4027,40,C,3194,1578,940,39298,1927,14,2
4028,57,A,5060,29645,768,21744,2106,15,3
4029,48,B,7021,16782,1309,30849,1690,17,6
4030,55,E,7682,66965,1246,30498,1876,21,6
4031,47,D,1469,1823,479,22323,1597,11,0
4032,37,E,8581,63831,2634,28853,1737,17,7
4033,43,E,8918,26559,1528,27087,1629,17,8
4034,53,D,2845,4464,489,40605,2379,9,1
4035,27,A,4421,19690,884,27037,2044,16,3
4036,53,E,7785,54511,1743,18599,1722,13,7
4037,36,D,2418,7730,515,29112,1569,16,1
4038,38,C,3073,3547,857,32072,1665,17,2
4039,28,D,2404,2937,542,33119,1763,10,1
4040,36,E,6851,48410,2057,19264,1676,16,6
4041,64,C,2826,9003,746,26354,1769,15,2
4042,39,B,6614,17511,1243,35693,1855,19,5
4043,52,B,7109,17909,1325,42101,1794,18,6
4044,19,D,1873,3139,480,40691,1552,13,1
4045,42,E,8303,77752,1998,37234,1625,20,7
4046,55,B,5976,20921,1340,21879,2316,17,4
4047,57,D,1816,2812,492,26671,1881,15,0
4048,48,C,3765,5764,790,39867,994,13,3
4049,50,E,7999,75188,1594,34286,1422,20,7
4050,29,B,6148,8017,1364,36541,1817,19,5
4051,49,C,3661,11861,748,26977,1997,12,2
4052,22,B,5396,14723,1307,32603,1721,16,4
4053,53,B,7633,10942,1192,36988,1077,20,7
4054,43,A,4638,15488,969,41541,1199,16,4
4055,44,B,7093,27629,1161,36515,1619,20,6
4056,59,E,8260,5024,1360,38095,1994,16,7
4057,46,B,5188,14493,1154,34443,1423,19,4
4058,33,C,3329,6181,677,26485,1896,12,2
4059,28,B,6594,17076,1072,39465,1999,19,5
4060,38,E,7949,9394,2090,35756,1869,18,7
4061,34,A,5175,38586,890,24396,1978,14,4
4062,32,D,2586,4495,475,40168,1276,14,2
4063,51,A,4675,36528,930,27127,2498,16,3
4064,30,C,3565,18464,568,27843,1726,16,2
4065,31,C,2779,8563,871,31173,1798,16,1
4066,47,A,5480,32355,973,35515,1361,15,5
4067,42,E,6951,43973,1440,29424,2272,19,5
4068,59,C,2601,8752,708,41966,785,15,2
4069,26,C,3588,9328,822,29403,1692,14,2
4070,46,B,7027,16242,1115,34205,1556,17,6
4071,30,C,3832,253,612,34935,1759,14,3
4072,43,E,8178,76474,1171,38530,1983,17,7
4073,40,C,3275,2508,690,27848,1425,13,2
4074,50,D,1833,4115,528,26012,1728,11,1
4075,51,D,3049,7032,440,36812,1609,12,2
4076,34,B,6616,22472,1420,31343,1732,21,5
4077,42,D,2446,6316,421,25164,1908,10,1
4078,47,D,2703,2916,515,18948,926,12,2
4079,34,E,9106,45919,1574,20967,2091,18,8
4080,33,E,6823,11728,1660,16028,1619,16,6
4081,37,C,3769,1458,798,21285,1508,15,3
4082,54,A,4715,26561,711,34902,2060,17,3
4083,42,B,6575,16074,1086,18313,1461,17,6
4084,31,B,5034,14854,1125,27445,1997,20,4
4085,44,E,9533,57361,2371,28864,2222,19,8
4086,26,D,3712,6695,541,18773,1818,9,2
4087,33,E,7461,32649,1485,28866,2164,21,6
4088,37,E,8254,72807,1681,31223,1821,18,7
4089,31,A,4180,29961,743,27753,2006,15,3
4090,43,D,2570,4081,426,25091,1444,11,2
4091,49,E,6178,4985,1438,16618,1419,15,5
4092,42,D,3169,7325,501,36018,1470,13,2
4093,57,C,3869,2917,669,38484,2083,15,2
4094,50,C,3645,14821,833,16739,1759,15,2
4095,56,E,8513,16771,1631,31506,1701,19,7
4096,46,D,2197,2897,424,22476,1728,16,1
4097,45,D,2094,6288,548,34820,1854,11,1
4098,42,B,6759,415,1183,39217,1476,17,6
4099,39,C,3577,6311,938,21429,1335,13,
4100,25,C,3438,2852,753,17085,1670,14,
4101,40,D,3157,4839,507,34785,2210,11,
4102,48,A,3973,21557,722,25073,2189,18,
4103,13,E,9406,47448,1551,19564,1293,16,
4104,22,D,2017,3489,480,40174,1478,12,
4105,52,A,4579,24599,1120,37090,2052,18,
4106,36,A,4667,39269,831,30682,1395,16,
4107,47,A,3997,15227,659,29502,1686,14,
4108,59,B,5305,22933,1204,37713,1495,17,
4109,45,C,3619,12396,1089,20239,1720,15,
4110,37,A,4900,27802,866,21154,1226,13,
4111,32,B,6056,14037,1204,23437,1519,19,
4112,48,A,5311,16122,923,28827,1964,16,4
4113,39,A,4866,29068,825,17206,1715,20,4
4114,24,E,8417,77315,2221,20768,1674,22,7
4115,41,B,7645,5193,1305,28816,2118,22,6
4116,20,D,1989,4247,543,37184,1317,15,1
4117,47,A,5179,22419,813,15833,1782,15,4
4118,40,D,1759,5631,469,38184,1952,13,0
4119,30,C,3154,3009,814,34977,1423,11,2
4120,39,C,4092,1442,811,38244,1197,16,3
4121,31,A,3963,22208,984,19074,1409,16,3
4122,31,B,6438,4916,994,18084,1562,17,5
4123,57,A,5138,39345,1178,29343,1362,18,4
4124,34,C,3154,2712,641,19138,1683,18,2
4125,33,E,8643,66878,2423,32992,1826,21,7
4126,43,A,5315,40195,1082,24483,1750,15,4
4127,33,A,4936,33134,751,41384,2062,18,3
4128,48,B,5850,19291,1061,38691,2077,20,4
4129,26,B,5608,18275,1185,41018,1981,18,4
4130,39,D,2264,5367,655,41177,1298,16,1
4131,46,A,4566,35377,1123,18264,1742,16,3
4132,46,B,5998,18094,1301,24101,1769,17,5
4133,44,D,4134,8691,543,39334,1678,14,3
4134,20,E,9006,81874,1273,38223,2024,19,7
4135,39,E,9251,74265,1836,38233,1285,22,8
4136,28,C,3460,6402,825,39342,1372,13,3
4137,32,B,9568,47829,1047,24567,2003,16,8
4138,41,C,3456,5436,767,37887,1806,12,2
4139,39,E,7628,81377,1625,35898,1321,19,7
4140,45,D,2611,6985,486,27997,1632,11,1
4141,42,C,4154,1035,777,30222,1515,14,3
4142,45,E,7023,33912,1670,34856,1316,21,6
4143,35,E,8834,15624,1760,20077,2057,19,7
4144,35,D,3172,5564,569,18615,1687,13,2
4145,44,B,8440,18608,1339,30362,1117,19,8
4146,42,C,3456,989,804,24968,1413,13,3
4147,40,D,2529,4266,507,21736,2058,13,1
4148,34,D,2594,3002,567,26612,1845,9,1
4149,38,A,5949,29979,1040,26404,1726,16,5
4150,41,D,3360,7794,572,34986,1929,10,2
4151,50,B,6559,18534,1072,33617,2281,19,5
4152,37,E,7225,28327,2246,35823,1435,19,6
4153,34,E,8901,78770,1203,36701,1624,19,8
4154,43,B,7684,20264,1252,21517,1522,17,7
4155,48,E,8206,29677,1444,34585,1510,21,7
4156,38,C,2968,8188,974,26407,1344,16,2
4157,31,A,5427,23896,884,16116,1778,15,4
4158,42,A,5447,33276,635,17504,1793,15,4
4159,48,E,8132,18646,2097,40640,1825,18,7
4160,32,D,1620,2795,540,28706,1903,17,0
4161,18,E,7916,23769,1920,23915,1952,21,6
4162,42,A,5395,8108,922,22103,1426,13,4
4163,43,D,3006,4722,434,19803,1473,14,2
4164,30,E,8296,57252,1597,26390,1895,15,7
4165,60,D,3102,9235,489,27217,1342,13,2
4166,53,B,7298,11544,1189,27867,1994,18,6
4167,41,B,6785,15987,1193,38623,1600,19,6
4168,39,C,3217,7156,875,20044,1181,12,3
4169,36,D,3456,7033,535,21280,2427,14,2
4170,45,C,3903,5487,871,31349,1386,15,3
4171,54,A,4733,23826,1169,23684,1700,19,4
4172,48,D,1239,2423,560,36057,1079,12,1
4173,42,C,3615,177,617,22282,1421,13,3
4174,67,C,3419,9174,897,15858,1907,12,2
4175,55,C,3564,8708,846,29237,2370,13,2
4176,51,A,4991,14046,1135,17494,1727,15,4
4177,33,B,6591,13537,1296,33791,1614,16,5
4178,25,A,4491,30795,1053,24429,2027,15,3
4179,40,A,5125,31121,772,17763,2358,17,3
4180,38,B,6156,15706,1289,26620,1624,18,5
4181,52,A,4722,27287,1346,41260,1540,14,4
4182,38,A,5306,13794,1589,20210,1479,16,4
4183,43,A,5002,30245,807,39396,1381,15,4
4184,43,D,1658,4122,542,24152,2025,16,0
4185,17,E,7470,17591,1634,16545,1728,21,6
4186,24,B,7866,19207,1203,15860,1430,18,7
4187,51,D,2699,5402,506,25516,1958,12,1
4188,47,A,4797,35350,1142,31906,1425,18,4
4189,25,B,5579,15437,1376,16933,1748,16,4
4190,59,C,2962,8701,817,39349,2036,15,1
4191,43,A,5487,25002,809,32261,2054,18,4
4192,38,D,2024,3572,549,34930,1675,14,1
4193,32,A,5157,35452,1252,40576,1616,15,4
4194,37,C,3260,1431,567,16706,1936,14,2
4195,27,B,7368,17088,1177,31083,1486,18,6
4196,45,A,4838,22381,1126,29036,1698,16,4
4197,36,E,9211,75981,1845,36044,1642,17,8
4198,38,D,2710,5398,509,16370,1358,13,2
4199,46,B,8642,21407,1232,21293,1836,15,7
4200,43,A,4261,11404,886,38426,2029,10,3
4201,32,A,4498,26136,1081,22289,2099,17,3
4202,32,E,8039,33719,1838,26188,1841,18,7
4203,39,D,1123,1143,476,30954,1460,9,0
4204,22,E,7993,52875,1397,27231,2399,18,6
4205,35,E,7938,35546,1708,31240,2081,21,6
4206,24,C,3426,1221,680,23377,551,12,3
4207,41,E,6875,39455,1601,22702,1173,18,6
4208,42,B,7639,21136,1101,17536,1604,19,7
4209,28,D,2930,6630,552,21402,1871,12,2
4210,43,A,4542,21003,812,41797,1620,15,3
4211,46,B,6387,30678,1290,25844,1303,15,6
4212,61,A,5163,34237,807,27963,1874,14,4
4213,40,C,3574,9616,963,35453,2108,12,2
4214,39,D,2864,8494,471,41292,1422,12,2
4215,53,B,5959,21614,1267,38811,1580,18,5
4216,24,E,7745,36151,2116,19139,1609,21,7
4217,51,B,8176,34565,1236,22768,1547,12,7
4218,52,E,9095,47357,1950,25480,1382,17,8
4219,63,A,4877,12906,1344,35048,2680,13,3
4220,41,E,9238,34908,1758,17545,1582,18,8
4221,38,B,7062,15178,1271,30392,1703,19,6
4222,34,B,7671,15107,1224,40831,2059,19,6
4223,33,C,3139,2593,878,27460,1755,12,2
4224,46,B,7247,25011,1273,39790,1794,19,6
4225,46,E,7884,38608,1668,31682,1659,19,7
4226,35,D,1677,3960,482,27925,1493,10,1
4227,52,C,3735,10226,826,34583,1748,12,2
4228,47,C,4252,8245,755,16934,1666,12,3
4229,40,C,3124,2319,895,32294,1812,14,2
4230,30,A,4805,28100,912,28156,1791,16,4
4231,46,B,9083,18167,1402,40930,1940,14,8
4232,52,D,2248,5589,472,29907,1601,13,1
4233,45,C,2973,4639,878,30690,1725,12,2
4234,35,B,7633,22690,1182,19742,1487,19,7
4235,38,D,3301,7057,554,21685,1291,14,3
4236,54,C,3599,1025,1045,25014,1606,16,2
4237,37,C,4235,13655,648,30602,2045,17,3
4238,40,A,5856,28116,1102,20026,1600,13,5
4239,43,B,6333,20639,1174,30847,1926,17,5
4240,44,A,4995,29908,1063,22692,1733,19,4
4241,42,E,8579,49842,1444,26805,1823,19,7
4242,44,E,10364,4990,2142,27734,1719,18,9
4243,25,C,3708,6667,883,40042,2011,16,2
4244,25,E,8456,47247,1626,16310,1158,20,8
4245,39,D,3956,6262,478,17342,2173,12,2
4246,49,B,6165,14387,1334,33170,1879,14,5
4247,60,B,6946,26849,1140,27413,1615,16,6
4248,38,E,7749,69003,930,30331,1507,18,7
4249,38,E,8763,61474,1129,37764,1801,19,7
4250,39,C,2981,10072,866,39472,1333,12,2
4251,39,E,6585,35396,2167,23310,1859,17,5
4252,23,C,3943,14689,837,18155,2277,12,2
4253,29,D,1273,2811,529,37703,1199,12,1
4254,41,C,3360,4730,953,34567,1384,9,2
4255,49,B,8629,8768,1340,32413,1800,19,7
4256,31,D,2788,4180,514,40614,2170,14,1
4257,29,C,3345,12965,837,32403,1953,15,2
4258,33,A,5560,13451,1232,24818,2054,16,4
4259,60,D,2439,6192,573,26590,2531,13,0
4260,30,D,2218,4623,539,23417,1684,16,1
4261,27,E,9196,32398,1721,17591,1487,18,8
4262,33,D,3533,7085,365,23500,2164,8,2
4263,41,E,6005,46572,1856,31649,2015,21,4
4264,47,E,8240,75688,1115,23326,1673,20,7
4265,21,B,7331,15232,1152,20614,1560,18,6
4266,33,C,3197,3247,798,37859,1522,12,2
4267,39,A,4614,22403,880,27542,1763,16,3
4268,37,B,7627,30462,1066,24524,1634,15,6
4269,48,B,7331,6607,1207,42047,1682,19,6
4270,46,B,8980,35871,1141,36172,1425,21,8
4271,41,D,2356,3055,483,20390,1273,12,2
4272,42,C,3135,6187,934,30028,1668,15,2
4273,37,D,3692,8740,495,37064,1453,13,3
4274,43,C,3512,1098,742,36283,1587,15,2
4275,39,E,9189,47211,1665,34572,1933,15,8
4276,45,A,4617,14238,814,36808,1281,14,4
4277,41,A,4228,19839,1138,27168,1744,18,3
4278,46,E,7833,34737,2457,26536,2246,18,6
4279,49,D,2912,6788,493,19558,2092,12,1
4280,44,A,4454,21757,1191,30636,1415,18,4
4281,33,D,2053,3088,521,19545,1347,15,1
4282,35,A,4512,26564,1255,30951,1541,19,3
4283,46,B,4906,17432,1326,23558,1537,16,4
4284,29,C,3143,2301,765,17994,1477,16,2
4285,31,C,3427,5406,605,18235,1229,15,3
4286,36,C,3049,7929,867,40961,1646,11,2
4287,39,D,2145,4005,532,33405,2109,14,1
4288,52,E,8887,75347,1648,34717,1791,19,8
4289,38,D,2069,4797,493,29494,1855,10,1
4290,54,B,6878,7486,1133,22036,1819,18,6
4291,38,B,5542,22607,1067,16955,1502,17,5
4292,56,A,5346,29024,1195,21055,2121,15,4
4293,29,D,2731,6222,502,26533,1989,14,1
4294,44,D,2087,3873,545,24178,866,10,2
4295,40,B,7850,14462,1151,23053,2029,19,6
4296,24,C,3301,9770,1001,28402,2327,16,1
4297,32,C,3988,11087,877,22549,1980,14,3
4298,49,A,4483,32614,802,37789,2282,17,3
4299,38,C,2889,3635,794,31245,1405,16,2
4300,35,E,7238,49372,2029,23950,1173,19,7
4301,51,D,1973,2538,602,17092,1345,12,1
4302,45,A,5792,32013,631,31981,1570,13,5
4303,28,A,4766,12313,656,16044,2246,13,3
4304,43,A,4412,27252,884,30755,1932,18,3
4305,36,D,2902,7047,466,30768,2085,10,1
4306,44,E,8510,47369,2080,39783,1256,17,8
4307,29,C,3859,290,842,28161,1384,12,3
4308,38,D,3937,9868,471,32511,2116,11,2
4309,45,B,6328,26231,1278,35366,1673,18,5
4310,36,B,7515,20132,1173,20313,1772,16,6
4311,30,B,8017,18027,1072,23317,1975,17,7
4312,59,E,6784,41194,1128,36450,2012,17,5
4313,38,E,8254,81579,1502,23239,1835,15,7
4314,47,B,7873,26598,1015,35185,2048,21,6
4315,47,E,7696,73510,1672,19355,1547,20,7
4316,46,D,2300,5446,394,20307,2011,13,1
4317,36,D,2373,5422,495,31758,1637,11,1
4318,22,D,3373,8705,499,34141,1416,12,2
4319,21,A,4859,17476,690,33396,2032,19,3
4320,39,E,8059,70573,1742,29991,2096,17,6
4321,43,B,6054,13521,1132,22109,1445,16,5
4322,43,D,2857,5011,474,36465,1607,16,2
4323,34,A,4515,14183,1083,32495,1830,14,3
4324,40,A,4846,18932,1056,18108,1646,17,4
4325,45,B,7854,27126,1353,18891,1859,18,6
4326,40,D,1702,4452,586,18081,2081,15,0
4327,39,E,9373,49771,1772,38184,1820,19,8
4328,38,D,3112,7322,526,36715,1692,14,2
4329,41,E,8081,64677,1576,27455,1241,18,7
4330,38,B,7419,17304,1348,16122,1785,19,6
4331,59,E,7667,32012,1235,30338,2251,18,6
4332,40,C,2905,1307,814,21405,2071,13,1
4333,52,D,1407,2456,550,18172,2115,12,0
4334,55,C,3399,14629,745,33563,1548,15,2
4335,33,A,4070,13573,570,34093,1648,18,3
4336,52,A,4575,22932,1183,33314,1426,14,4
4337,37,C,3571,4610,953,21167,2037,10,2
4338,46,B,5729,20024,1198,21107,1189,13,5
4339,29,E,8564,59458,2419,30264,1621,22,7
4340,40,C,3075,9630,775,20937,1941,16,2
4341,43,A,5035,19443,883,32507,2040,14,3
4342,44,C,3383,7438,712,24705,2196,16,2
4343,33,D,3107,4810,465,25322,1579,10,2
4344,53,B,8060,27769,1278,21871,1946,20,7
4345,49,E,8042,65590,1985,37790,1009,20,8
4346,34,E,7934,59068,1279,41567,1354,20,7
4347,23,A,4222,31307,745,24627,1905,15,3
4348,51,D,1743,4345,470,37837,1774,15,0
4349,46,A,5367,28211,970,38463,1647,21,4
4350,44,C,3066,3296,894,17241,1420,12,2
4351,33,A,4856,33345,570,28611,2317,18,3
4352,43,C,3285,6260,785,15666,1427,18,2
4353,33,A,4294,34520,771,39709,1455,17,3
4354,38,E,6841,41216,1806,25568,2029,21,5
4355,36,B,7323,20823,1245,18437,1326,18,6
4356,43,A,4930,15308,629,16627,1667,14,4
4357,45,E,6904,51989,1502,22694,1798,14,6
4358,52,C,4086,20060,898,34888,1061,16,4
4359,46,D,2162,3926,451,30403,1574,11,1
4360,41,B,7290,19476,1066,25959,2022,15,6
4361,31,C,3454,3154,792,40208,1965,12,2
4362,32,D,2336,4549,559,23840,1444,12,1
4363,50,C,4025,3511,811,35217,2165,14,2
4364,43,A,5225,21381,1222,25186,1186,18,5
4365,55,A,4473,25032,827,37848,1780,18,3
4366,45,B,7541,11608,1101,31771,1596,19,6
4367,42,D,2236,4462,476,26059,1048,12,2
4368,50,D,2628,4820,609,29770,1482,12,2
4369,45,C,3464,13378,683,17299,1706,13,2
4370,49,A,4495,25267,585,28644,1587,14,3
4371,43,C,2906,2615,1037,33888,1813,13,2
4372,51,E,8284,46065,1367,37587,1554,21,7
4373,43,A,5084,23670,1089,15679,1571,20,4
4374,35,B,6235,20095,1448,28294,1915,17,5
4375,33,A,4589,29893,957,22664,1905,18,3
4376,50,A,5282,30311,938,17654,1246,18,5
4377,32,B,6692,13771,1108,32945,1691,18,6
4378,30,B,6934,12184,1104,41582,1753,16,6
4379,33,B,6382,22718,1373,20482,1960,18,5
4380,47,C,3027,11532,624,39906,1602,15,2
4381,46,D,1925,4660,465,36498,1665,15,1
4382,31,D,1881,3607,563,33099,1402,11,1
4383,46,C,3631,7775,724,26724,1578,15,3
4384,58,B,6858,22399,1339,25414,1801,19,6
4385,26,B,6959,23238,1181,31841,1536,17,6
4386,34,C,4144,9984,1006,40636,1662,11,3
4387,43,A,5153,16443,1169,37806,1646,18,4
4388,33,B,6943,19896,1167,23141,1495,17,6
4389,32,B,6465,26841,1177,37576,2022,21,5
4390,32,E,7542,67881,1413,17218,1985,17,6
4391,52,D,1097,2554,550,24687,952,9,1
4392,48,B,8800,21949,1191,26632,1120,17,8
4393,39,C,4285,8344,800,32237,2000,11,3
4394,59,B,6280,14586,1106,38692,2034,14,5
4395,43,E,8759,19990,1283,23807,2094,21,7
4396,56,E,8310,50261,1737,35119,1780,17,7
4397,47,A,3735,19591,714,41572,1260,19,3
4398,47,D,1787,3015,473,31639,2581,10,0
4399,44,E,9684,102460,1716,21142,2003,15,8
4400,41,C,2900,7742,874,30855,1388,13,2
4401,15,D,2384,4148,459,24301,1535,13,1
4402,34,A,5031,15486,1009,22366,1180,18,4
4403,28,E,7125,36299,1805,31555,1630,17,6
4404,28,A,5406,24678,924,29032,2277,14,4
4405,37,C,4104,10150,973,29937,1618,13,3
4406,59,D,2331,6609,555,37767,1736,15,1
4407,51,D,1449,3559,487,19123,1460,14,0
4408,42,B,5215,26706,1339,19919,1249,17,4
4409,49,A,5362,30019,710,32988,1827,15,4
4410,34,D,2682,6439,528,30873,2112,14,1
4411,37,E,7582,55973,2155,34415,2070,16,6
4412,34,D,2767,4691,402,40631,1816,9,1
4413,38,C,3148,5574,935,15820,2411,12,1
4414,54,D,3610,6954,430,33854,2011,12,2
4415,31,E,8018,44758,1665,28023,1535,18,7
4416,49,B,6850,11606,1408,30828,1640,16,6
4417,48,C,2899,741,721,21353,1510,13,2
4418,50,C,3552,6013,812,21892,1273,16,3
4419,42,D,2294,4179,449,16461,1150,16,2
4420,45,E,8408,32725,1970,17740,1961,20,7
4421,42,C,3807,3221,769,23810,1581,14,3
4422,29,A,5720,34929,931,25936,1643,14,5
4423,48,C,3447,7360,719,24928,1974,15,2
4424,36,A,5332,30942,815,19953,2056,15,4
4425,39,E,8460,29223,1816,40333,1689,20,7
4426,46,A,4781,23914,1064,18955,1573,16,4
4427,41,C,3450,7004,946,19184,1634,14,2
4428,11,C,4283,9057,745,23099,1574,13,3
4429,57,D,2150,4182,470,20846,1594,12,1
4430,37,C,3069,1626,894,35577,1595,15,2
4431,30,A,5710,34921,950,17382,1735,14,4
4432,46,B,8290,41477,1100,40769,2015,19,7
4433,49,B,7671,29136,1309,41440,1987,20,6
4434,44,D,1957,2704,506,26611,1482,13,1
4435,40,D,2846,4961,434,34210,1749,15,2
4436,58,C,3602,11379,863,19334,1873,15,2
4437,50,A,5450,19632,644,18957,2037,18,4
4438,58,C,3690,10973,816,31832,2013,19,2
4439,46,C,3941,293,851,34986,1220,14,3
4440,58,E,7772,28700,1517,29722,1273,18,7
4441,40,B,8482,14688,1190,41540,1356,19,8
4442,38,A,5072,10880,716,36981,1418,19,4
4443,39,E,8080,28470,1704,25372,1857,18,7
4444,50,B,7437,17903,1222,19903,1119,16,7
4445,40,C,4193,15008,658,20712,1548,14,3
4446,51,D,4005,8542,450,23536,1661,12,3
4447,46,A,4129,10525,715,31352,992,18,4
4448,33,C,3439,9105,914,36714,1883,14,2
4449,52,D,1097,1843,468,26384,1849,13,0
4450,50,E,7307,57552,1985,27675,1788,24,6
4451,43,D,2070,1423,509,15805,2082,11,0
4452,42,D,3262,4173,510,18615,1435,12,2
4453,51,A,5232,33194,820,21877,1650,15,4
4454,30,B,5699,16248,1146,24024,1494,17,5
4455,29,E,8605,83336,1539,21948,1741,16,7
4456,34,E,7708,8353,1122,23283,1734,19,6
4457,54,E,7854,50005,986,38618,2112,18,6
4458,35,E,7237,40954,1792,16503,1940,21,6
4459,25,A,4588,28382,882,32975,1857,13,3
4460,40,A,4636,27287,1214,17801,1878,17,3
4461,30,E,9405,40382,1613,40796,1483,16,8
4462,44,C,2983,3981,982,41896,1686,13,2
4463,33,B,5928,7468,1221,30099,1984,19,4
4464,38,D,2155,4880,550,25712,1388,8,1
4465,44,A,5468,25091,657,40595,1943,17,4
4466,25,C,3800,5256,655,30843,1751,14,3
4467,33,B,5387,23277,1140,31664,1467,17,4
4468,46,E,7559,70234,1833,33611,1495,17,7
4469,30,C,3471,4706,817,21376,2224,16,2
4470,30,C,3880,11011,796,16370,1806,12,3
4471,50,C,3903,8347,791,15837,1474,18,3
4472,38,C,3267,10518,717,36050,1791,14,2
4473,18,C,3922,15190,753,38615,1653,15,3
4474,40,E,8293,44352,1895,17919,1722,18,7
4475,49,B,6144,18965,1422,28211,2030,13,5
4476,33,B,6423,17823,1185,38427,870,17,6
4477,43,B,8834,23877,1189,22428,1546,16,8
4478,37,A,5786,34291,1095,16983,1144,17,5
4479,53,C,3706,383,824,24661,1814,17,2
4480,38,C,3713,8519,659,37421,1806,16,2
4481,29,C,3319,11312,881,20365,2026,17,2
4482,46,B,8094,31906,1309,19727,1772,22,7
4483,63,C,3622,6528,713,26203,1924,13,2
4484,37,E,9290,91118,1533,33405,1826,13,8
4485,46,E,9284,44760,1964,36034,1463,19,8
4486,48,C,3794,1013,726,26758,2838,15,1
4487,53,C,3549,2469,743,17890,2022,15,2
4488,44,B,6448,18795,1098,37099,1386,15,6
4489,37,A,4767,17314,1051,32692,1537,17,4
4490,46,E,9258,38568,1773,34763,1912,20,8
4491,34,C,3191,2567,865,22154,1157,17,3
4492,48,E,8432,73391,1222,39075,1333,21,8
4493,51,E,7671,49413,1561,27812,1221,16,7
4494,36,E,6971,42489,1314,16311,1605,21,6
4495,32,D,3382,5903,569,36970,1369,13,3
4496,47,B,6625,27141,1043,34720,1817,19,5
4497,49,E,8223,77813,1313,25792,1787,19,7
4498,39,B,8248,39451,1222,25479,1981,12,7
4499,37,C,3375,5906,903,32653,1769,16,2
4500,29,A,5928,34747,944,27001,2065,16,4
4501,44,C,3033,4301,809,39721,1550,19,2
4502,47,D,2522,5044,515,15768,1436,15,2
4503,38,D,2591,4876,477,30960,1991,16,1
4504,34,C,3057,3090,925,29054,1729,17,2
4505,51,B,5770,18900,1240,24504,1233,17,5
4506,35,C,3139,9733,846,16471,1650,18,2
4507,42,A,5210,30450,834,39478,1709,18,4
4508,48,B,6489,24919,1173,16043,1642,17,5
4509,23,D,3106,8611,543,39627,1556,14,2
4510,57,C,3479,6085,902,37310,1632,16,2
4511,35,A,5058,34971,740,28340,1149,15,4
4512,40,C,3596,8805,698,23632,1597,14,2
4513,41,A,5468,19575,962,16420,1881,17,4
4514,52,E,8253,48861,1413,19333,1721,19,7
4515,40,C,3797,2788,976,33073,1399,12,3
4516,46,A,4755,22339,718,30685,2094,16,3
4517,31,C,4720,7472,825,41230,2073,11,3
4518,19,B,6185,19829,1114,38517,1477,13,5
4519,57,C,3316,1370,783,16113,1530,15,2
4520,28,A,4750,6969,1254,22013,1338,19,4
4521,36,C,3499,10763,816,37979,1764,20,2
4522,42,C,3277,2200,805,41795,1872,13,2
4523,31,B,6492,26645,1202,32295,992,17,6
4524,36,A,4560,14911,1075,37099,1576,19,3
4525,50,D,3215,6088,467,39529,1712,10,2
4526,44,D,2305,4670,569,40503,1856,11,1
4527,46,B,5440,9142,1148,17836,1353,20,5
4528,32,E,8145,64339,1516,32381,1777,19,7
4529,46,B,6261,21567,1254,40511,1710,17,5
4530,33,A,4983,41616,546,18094,1449,15,4
4531,32,B,5545,21680,1169,21411,1825,18,4
4532,37,C,3202,7406,757,18381,1406,13,2
4533,40,C,3291,12502,499,27520,2262,14,2
4534,47,E,7989,36797,1386,36816,1757,16,7
4535,55,A,4897,21315,845,20790,1720,17,4
4536,44,E,7704,59067,1871,41835,1730,23,6
4537,45,A,5681,28121,1250,22924,1382,17,5
4538,32,C,4098,7823,691,22657,1801,21,3
4539,47,C,3491,10520,873,40448,1340,13,3
4540,35,A,5367,31922,917,38837,1613,18,4
4541,67,A,5418,32970,801,20519,1753,15,4
4542,10,A,5039,12677,947,29822,1446,14,4
4543,57,A,4886,30279,1035,34773,998,16,4
4544,32,E,7933,53891,2049,32567,1456,20,7
4545,53,D,2812,4213,526,16933,1516,9,2
4546,33,C,3647,11852,689,26599,1395,14,3
4547,39,D,1620,3740,528,19696,1869,12,0
4548,36,C,3467,3396,730,21479,1246,16,3
4549,44,E,7350,17566,1790,34124,1545,19,6
4550,31,C,2841,9190,816,34791,1831,13,2
4551,29,A,5023,31809,1141,22423,2035,14,3
4552,54,A,5231,33931,1281,17808,2036,14,4
4553,40,D,2101,4791,482,20805,1752,11,1
4554,51,C,3121,8562,721,36121,1633,12,2
4555,42,D,1292,2629,491,38970,1486,14,0
4556,41,B,6401,20432,1311,28190,1708,19,5
4557,49,B,7163,15805,1100,28865,1245,17,6
4558,27,B,6682,21031,1238,18243,1820,15,5
4559,37,B,8409,43073,1055,27541,1041,18,8
4560,31,C,3789,16677,723,25154,2194,17,2
4561,31,B,6968,20134,1135,33890,1667,19,6
4562,51,C,2871,5917,829,38481,1491,13,2
4563,42,D,2102,3826,498,31883,2115,12,0
4564,36,E,7901,56131,1583,24279,1307,21,7
4565,35,E,6420,46872,1528,31328,1724,19,5
4566,35,B,7419,22470,1193,29275,2111,17,6
4567,28,E,8218,24522,1388,37549,1932,20,7
4568,37,C,2794,4668,678,40381,771,18,3
4569,25,E,7254,25377,1720,26169,1839,24,6
4570,36,B,5369,26988,1059,40754,842,17,5
4571,47,A,5480,20561,965,28416,2560,16,3
4572,40,A,5543,37435,1502,22196,1475,18,5
4573,37,D,3544,8457,444,24488,2121,14,2
4574,42,D,2817,4837,454,30510,1116,11,2
4575,46,B,6337,13808,1161,19433,1075,15,6
4576,52,C,3035,7352,634,21472,1783,10,2
4577,45,D,2061,3406,493,41261,1266,15,1
4578,11,B,7152,11687,1164,38671,2237,18,5
4579,29,A,4964,26238,1151,22494,1704,17,4
4580,49,D,4455,8991,534,19753,1556,12,3
4581,33,D,2417,5096,430,36522,1597,15,1
4582,27,A,4945,8705,1105,32771,2076,17,3
4583,41,C,4246,6679,654,37515,1884,11,3
4584,59,E,7621,18064,1976,24940,1689,15,6
4585,32,E,8322,17995,1603,19245,1255,17,8
4586,43,A,4169,24067,1051,35458,2483,17,2
4587,32,A,5027,27840,838,34949,1444,21,4
4588,60,D,2356,3950,588,21669,1907,12,1
4589,27,A,4444,25449,879,33407,1754,16,3
4590,56,A,5877,33652,871,19538,1364,15,5
4591,29,C,4055,4094,776,33650,2039,15,3
4592,31,B,6747,25291,1128,39158,1913,21,5
4593,36,C,3961,5703,794,27907,1645,13,3
4594,46,E,7931,32258,2114,19866,1514,17,7
4595,34,B,7340,17332,1079,33918,2286,14,6
4596,39,A,5489,31809,1043,19622,1430,17,5
4597,25,E,8558,63681,1886,20722,1503,16,8
4598,44,D,2978,6875,485,28938,1918,16,2
4599,40,C,2876,8671,984,31246,2510,15,1
4600,33,D,1057,1676,570,31973,1454,12,0
4601,38,D,3532,7083,490,32396,1664,12,2
4602,13,A,4316,21932,1386,34335,1682,16,3
4603,39,E,7055,81952,1541,21164,1686,21,6
4604,36,C,3629,510,613,36093,1548,13,3
4605,35,C,3615,7051,902,31454,1834,11,2
4606,34,C,3572,8512,885,17203,1683,10,2
4607,54,A,4795,26021,560,24137,1668,17,4
4608,35,A,4979,18017,1271,34986,1760,14,4
4609,41,A,5203,25437,774,25041,2087,17,4
4610,34,A,5322,29208,550,32207,1988,16,4
4611,36,B,7009,28062,1155,34364,1507,22,6
4612,38,B,6528,21323,1032,23313,1796,15,5
4613,18,A,4635,8994,1243,29758,1797,16,3
4614,37,A,4226,12146,658,26247,1798,19,3
4615,30,A,4971,48748,1200,27176,1987,16,3
4616,52,A,4603,31431,1249,33030,1683,17,3
4617,33,C,3683,11819,783,37339,2160,13,2
4618,47,B,7233,22812,1341,31169,1621,17,6
4619,42,D,2625,5183,519,23613,1536,11,2
4620,44,C,3144,6765,843,41427,1818,14,2
4621,39,B,7659,13279,1097,38764,1448,19,7
4622,39,C,3988,2822,648,39429,2137,16,2
4623,49,A,4723,19261,901,21353,1811,16,3
4624,39,D,1325,1663,482,20474,1266,8,1
4625,35,A,4614,24399,1027,25101,1854,14,3
4626,24,E,9176,58560,1416,24429,1385,22,8
4627,33,C,3343,15806,926,28787,2273,11,2
4628,32,A,5543,26158,1229,34513,1750,16,4
4629,52,C,3810,6727,688,23894,1587,13,3
4630,35,C,4093,3039,730,33663,1710,19,3
4631,46,D,3163,5735,558,36229,2045,11,2
4632,40,A,4760,30623,848,27906,1272,16,4
4633,38,C,4079,5571,789,40495,1963,13,3
4634,43,B,7151,28947,1189,22431,2112,18,6
4635,28,C,2841,8564,813,30173,1244,16,2
4636,40,A,5080,21956,1080,23210,1622,18,4
4637,60,C,2932,8503,764,35076,1343,14,2
4638,30,C,3340,10210,824,22337,1348,12,2
4639,38,E,7165,28317,1248,40892,1534,18,6
4640,53,C,3056,12559,991,24171,2199,14,1
4641,37,B,6703,24502,1143,17949,1530,19,6
4642,50,A,4252,12759,728,23230,1564,16,3
4643,45,A,4669,24467,858,18730,1955,16,3
4644,43,E,6746,27476,1685,17965,2249,18,5
4645,48,A,4755,20737,1235,28211,1359,18,4
4646,31,E,9047,55048,1947,29087,1964,19,8
4647,39,E,8274,25531,1925,35999,1693,19,7
4648,15,D,2513,4523,465,18875,2239,14,1
4649,39,A,4502,20256,717,33199,1892,17,3
4650,28,A,5517,31028,908,32035,1552,17,4
4651,39,C,3983,6786,802,34581,2046,17,2
4652,30,B,6184,14456,1220,23211,884,19,6
4653,31,A,4489,216,1308,25426,2006,19,3
4654,44,E,7908,34315,1532,24348,1986,20,6
4655,36,E,7882,21735,1949,21691,823,22,8
4656,55,E,9821,126681,2114,28750,1432,18,9
4657,59,C,3563,2564,773,24538,1855,13,2
4658,43,B,7940,15748,1322,20163,1898,16,7
4659,41,C,3262,2100,784,23476,1290,12,2
4660,22,C,3543,2853,731,21184,1714,14,2
4661,37,E,7734,73746,1321,39363,1563,14,7
4662,29,D,2785,7188,475,40961,1690,15,2
4663,32,C,3156,5430,921,22649,1593,12,2
4664,36,C,2723,8908,715,25170,1404,13,2
4665,26,B,6610,24295,1269,23677,817,19,6
4666,61,D,1111,1855,488,18806,1363,12,0
4667,28,E,7815,24164,1871,37577,1923,19,6
4668,30,B,7682,28445,1136,26368,1328,18,7
4669,32,C,3978,13536,791,28631,1664,12,3
4670,37,E,8443,53088,2206,24380,1654,21,7
4671,38,A,5438,32241,1053,39503,1932,19,4
4672,54,A,5431,26314,1132,16890,2130,15,4
4673,45,C,3605,5797,666,41397,1891,11,2
4674,42,B,7440,26226,1086,24645,1254,18,7
4675,47,D,2372,2562,435,25304,1733,13,1
4676,49,D,2096,4341,467,41706,1699,14,1
4677,37,B,6622,25827,1265,37573,1544,19,6
4678,39,B,7047,18033,1080,33575,1728,17,6
4679,26,D,2885,4971,484,22953,1548,12,2
4680,24,D,1561,2909,597,29859,1782,11,0
4681,42,C,3729,8106,1013,36383,1168,15,3
4682,34,C,3946,14200,723,35309,2327,14,2
4683,44,C,4047,8609,766,24321,1603,16,3
4684,50,A,5152,28480,1014,38689,2233,16,3
4685,30,E,7041,60144,1820,18866,2058,20,5
4686,46,A,4265,12479,848,23971,1582,18,3
4687,33,D,2806,6032,447,41148,1532,12,2
4688,43,A,5178,26223,980,17316,2225,18,3
4689,17,D,2650,4882,463,17933,2007,11,1
4690,48,B,7598,28679,1200,34083,2183,14,6
4691,61,D,3911,8244,422,22242,1990,12,2
4692,48,B,5231,19679,1253,17697,1664,17,4
4693,51,D,2173,3184,399,18322,1659,12,1
4694,33,C,3788,10228,827,34839,1922,17,2
4695,42,A,5176,31198,1080,30293,1846,15,4
4696,34,A,5131,19391,1172,28458,1430,17,4
4697,39,C,3755,5039,565,18433,2259,16,2
4698,40,E,8100,1594,1403,21840,1744,18,7
4699,43,A,5732,48667,1266,32337,1872,17,4
4700,51,C,3675,4584,879,16975,1876,15,2
4701,57,B,6515,12705,1110,30248,1907,19,5
4702,33,B,4680,16791,1145,17467,1717,16,3
4703,47,D,3449,4625,476,32843,1699,15,2
4704,37,E,8108,6732,1620,20049,2002,18,7
4705,27,B,6452,24448,1117,24851,1208,14,6
4706,43,C,3237,8337,910,21480,2022,14,2
4707,44,B,6226,19390,1182,29445,1674,18,5
4708,23,A,5022,22032,962,17000,2326,14,3
4709,39,C,3417,1876,685,41476,2092,16,2
4710,48,C,3784,8353,841,40946,1637,13,3
4711,58,C,3346,9011,810,31912,1646,17,2
4712,31,B,8208,40047,1395,25599,1885,17,7
4713,40,D,1333,3348,431,17346,2054,9,0
4714,42,C,3866,6939,812,34329,2058,13,2
4715,39,D,3404,8059,610,32689,2144,14,2
4716,55,A,6111,26917,897,19002,2756,19,4
4717,50,B,7550,17742,1109,24430,1723,15,6
4718,30,A,5441,21938,871,31585,2191,17,4
4719,36,A,6045,16492,1153,19936,2052,13,4
4720,29,B,6915,35346,1270,20655,1592,16,6
4721,33,E,6989,50799,1537,23633,2095,18,5
4722,37,B,7977,13879,1088,38913,1409,21,7
4723,43,C,3407,13445,892,22680,1927,15,2
4724,50,A,5172,21396,1402,31986,1917,16,4
4725,46,B,6829,35346,1145,16097,2001,20,5
4726,29,C,3629,10665,831,38033,2288,14,2
4727,47,D,2693,5725,560,24607,1321,11,2
4728,48,E,8537,26251,2121,31517,1100,17,8
4729,48,E,7519,41223,2161,39157,1503,21,7
4730,41,D,3856,7653,500,30874,2156,9,2
4731,36,D,3212,5574,526,38399,1732,10,2
4732,32,E,7412,61684,1225,39295,1506,16,6
4733,59,B,7757,7497,1062,21293,684,18,8
4734,16,D,2808,5628,519,35945,2177,10,1
4735,32,A,5736,38319,740,30417,1749,18,4
4736,48,D,1603,3569,535,38623,1939,10,0
4737,50,A,4712,25416,874,30774,1584,17,4
4738,16,C,3763,10647,738,41279,1267,13,3
4739,45,A,5194,19678,972,28349,1220,15,4
4740,36,A,4553,25423,1237,36150,2310,18,3
4741,53,D,3571,6104,525,42093,2088,11,2
4742,36,C,3359,1904,834,22542,1285,12,3
4743,55,D,1225,1910,524,36227,1784,13,0
4744,38,E,8223,17453,2189,40313,1600,16,7
4745,37,B,7423,37157,1218,36068,2331,15,6
4746,45,B,8746,15690,1436,29958,1321,19,8
4747,20,E,6253,28440,1747,18730,2032,17,5
4748,33,D,2650,5689,558,25043,1248,12,2
4749,44,B,7022,29700,1269,40980,1838,19,6
4750,50,B,6299,30987,1316,28961,2006,16,5
4751,47,E,8295,70918,1816,30443,1770,20,7
4752,41,D,2377,7197,533,41898,1644,11,1
4753,32,D,1830,2838,543,16889,1871,13,0
4754,26,A,5961,40355,1251,21935,1812,15,5
4755,43,B,4143,12568,1209,24014,2181,16,2
4756,39,A,5007,14104,1399,24301,1486,15,4
4757,43,A,4119,14486,781,32264,1957,17,3
4758,49,A,4314,8817,928,40264,1821,18,3
4759,62,B,8663,29999,1199,27478,1347,16,8
4760,17,C,2946,2979,736,26074,1607,11,2
4761,29,D,1817,2920,589,16675,1582,14,1
4762,44,E,9252,49671,1642,21299,1876,20,8
4763,35,A,5499,25842,794,30224,1571,17,4
4764,42,E,7908,51814,1835,15742,1646,19,7
4765,38,C,3400,5280,646,22969,2176,14,2
4766,48,E,7514,41791,1242,32726,1985,19,6
4767,28,B,7830,5195,1020,22610,2217,15,6
4768,52,A,5709,21214,979,18701,2401,15,4
4769,40,B,7224,7725,1304,40652,1869,15,6
4770,70,A,5734,32652,874,34303,1411,17,5
4771,35,B,8221,23641,1167,19893,1889,15,7
4772,52,E,7406,39320,1501,19709,1410,20,6
4773,34,E,8193,74413,1531,35503,1587,17,7
4774,31,B,6542,23589,1100,24160,1688,22,5
4775,41,D,2800,7127,492,21715,1142,13,2
4776,49,E,8610,56045,1442,25401,1785,17,7
4777,43,B,8075,25560,1170,19466,1210,20,7
4778,29,B,6255,10791,1366,31352,2030,17,5
4779,42,D,1943,3715,500,17659,1737,8,1
4780,37,B,8261,39065,1063,35081,1714,19,7
4781,51,E,7794,38026,1355,39790,1748,17,7
4782,34,C,3079,1722,687,24790,1048,11,3
4783,37,B,9113,19258,1101,36056,1753,15,8
4784,37,C,3704,12899,622,35538,2341,16,2
4785,30,E,6557,39954,1378,16172,1567,21,5
4786,36,B,6465,25128,1262,20791,1770,20,5
4787,57,C,3944,6861,785,32834,1997,19,2
4788,56,A,4794,24347,1144,40808,1590,15,4
4789,40,A,5562,21387,1105,37949,2104,15,4
4790,35,A,5133,12639,1206,31820,1922,19,4
4791,38,E,8575,66428,1094,33727,1596,18,7
4792,49,C,3290,10556,824,22318,1899,14,2
4793,30,D,2892,2635,586,34868,1600,14,2
4794,49,A,4742,21831,1294,35652,1718,15,4
4795,42,E,6328,54749,1575,39997,1900,17,5
4796,44,C,3048,4320,657,37268,1667,12,2
4797,44,C,3858,375,980,27470,2334,15,2
4798,42,D,3190,7668,452,40769,2090,15,2
4799,23,A,5558,22911,896,38759,1275,16,5
4800,38,D,1654,2265,563,38103,976,15,1
4801,35,B,7342,30056,1175,41033,1831,19,6
4802,51,B,6448,16780,1217,37979,2146,16,5
4803,32,C,2752,1374,903,29679,1846,13,1
4804,42,B,5665,23941,1139,35614,1468,16,5
4805,44,E,8660,84405,1124,30112,2066,15,7
4806,66,C,3980,15298,785,31484,2151,17,2
4807,29,,5926,19471,1277,35853,2281,18,4
4808,39,,2228,6862,490,36005,1280,12,1
4809,25,,8240,12420,1200,30095,1063,20,8
4810,36,,2287,4791,579,32323,1580,13,1
4811,50,,2848,6626,466,19430,2009,11,1
4812,34,,5280,19048,1062,42014,2009,16,4
4813,42,,3578,9260,556,33736,1720,14,2
4814,37,,3051,4291,762,36082,1696,15,2
4815,22,,5893,28970,1199,38944,1656,17,5
4816,45,,2919,6317,475,36321,1094,13,2
4817,47,,6924,30961,1179,33374,1084,19,6
4818,45,B,7439,21064,1240,37115,2281,20,6
4819,43,B,8666,40167,1037,26388,1595,16,8
4820,58,C,3862,9820,978,29614,1566,12,3
4821,29,C,3699,7081,807,15728,1623,14,3
4822,34,E,7991,73559,1446,20860,2078,15,6
4823,25,D,2674,5564,511,26607,2201,14,1
4824,63,C,3298,8658,735,36889,1291,17,3
4825,52,C,3178,1882,1076,23173,1745,15,2
4826,46,A,5022,34931,720,34915,1933,16,4
4827,35,E,8313,50316,1497,17478,1586,19,7
4828,39,B,7360,18974,1268,40303,2216,14,6
4829,31,C,3105,2148,1033,25609,1933,14,2
4830,40,D,1454,3573,538,29537,2100,8,0
4831,54,C,4289,13502,426,18337,1843,10,3
4832,39,A,4396,31452,929,30742,2052,17,3
4833,29,C,2576,7925,789,29411,2063,13,1
4834,41,B,5419,27697,1341,32965,2056,18,4
4835,55,E,8237,32839,1126,26474,2100,21,7
4836,54,A,4930,25345,876,37028,2111,16,3
4837,31,A,4660,24436,769,38516,2035,19,3
4838,29,A,4532,29845,913,22801,1758,15,3
4839,35,C,3159,2255,734,22499,1484,8,2
4840,32,D,1005,2353,513,38022,1483,14,0
4841,29,B,8163,25116,1314,18752,1727,22,7
4842,46,E,7302,64636,1922,40009,1754,16,6
4843,53,B,5363,12964,1292,32701,2132,16,4
4844,46,B,7432,10977,1075,26700,1574,18,6
4845,42,A,4980,38261,854,38400,1802,15,4
4846,47,C,3595,1953,693,25284,1779,14,2
4847,29,C,3746,800,682,15840,1045,15,3
4848,40,E,6810,58671,1593,36349,1565,16,6
4849,51,A,4997,25914,1187,29563,1694,18,4
4850,47,D,3245,7444,547,41471,1483,12,2
4851,36,B,6672,28842,1270,30943,927,17,6
4852,47,D,2812,1601,514,36977,2138,12,1
4853,23,C,3487,5319,728,40508,1615,16,2
4854,42,C,4168,1747,679,16167,1655,14,3
4855,58,A,4605,23378,654,20705,1619,16,3
4856,58,C,3809,11102,748,38107,1541,16,3
4857,18,D,2678,1397,515,30846,1880,11,1
4858,41,B,6547,19795,1333,34799,1557,19,5
4859,26,C,4187,10712,807,17977,2085,14,3
4860,40,D,2575,3656,461,37812,2003,13,1
4861,44,B,7078,18604,1213,21126,2516,20,5
4862,60,A,4299,13905,839,18292,1732,19,3
4863,47,C,3264,4456,918,19535,2466,15,1
4864,43,B,7442,25485,1174,34540,1834,19,6
4865,49,A,5350,25372,1158,24258,1617,15,4
4866,29,E,8341,25534,2254,34187,1224,16,8
4867,48,A,4011,18179,972,16098,1828,17,3
4868,34,D,3500,5491,561,17789,1614,13,2
4869,57,D,1727,4417,544,18199,2195,7,0
4870,41,A,4037,19362,1075,36919,1680,19,3
4871,46,B,7569,25400,1258,20915,1765,15,6
4872,44,B,6884,15475,996,25891,1345,21,6
4873,44,B,6265,21010,1244,36473,1666,17,5
4874,32,B,5511,11533,1184,40271,1215,15,5
4875,41,D,3946,12456,511,39019,1372,13,3
4876,53,A,4860,35739,832,31086,2362,18,3
4877,36,E,7117,36610,2104,27000,1576,17,6
4878,45,B,6283,11126,913,24046,1335,19,5
4879,30,C,3360,2001,943,37919,1952,20,2
4880,45,E,7259,42973,1691,33647,871,20,7
4881,51,E,8447,50430,1618,33750,1385,18,8
4882,46,D,2237,4110,559,20752,2573,10,0
4883,42,C,3330,11696,775,24464,1876,17,2
4884,53,B,6300,32598,1172,37861,1419,17,5
4885,46,B,4819,14998,1161,19713,1799,14,4
4886,24,B,6860,29845,1269,20530,1817,16,6
4887,43,B,7915,29000,1167,29046,2008,18,6
4888,42,C,4134,4847,881,21988,1641,12,3
4889,55,D,2172,4102,513,21890,1315,16,1
4890,45,A,4951,30724,1005,38945,1961,17,3
4891,28,D,2606,6470,513,24145,1458,13,2
4892,56,B,7540,18053,1212,32809,1777,17,6
4893,43,D,1180,2154,531,28752,1841,16,0
4894,28,D,1846,4285,495,33238,1605,12,1
4895,45,D,2790,3918,535,24931,1902,11,1
4896,23,D,2319,4424,529,24380,1377,11,1
4897,44,B,8081,32616,1162,16836,1108,19,7
4898,52,E,9144,11450,1978,20964,1843,17,8
4899,31,B,8688,37575,1337,37065,1393,16,8
4900,41,C,3122,5808,844,29539,1726,13,2
4901,33,C,3624,12646,493,28061,1825,13,2
4902,38,A,4961,36019,821,38928,1246,13,4
4903,29,A,4969,27482,1330,41792,2313,15,3
4904,38,D,2088,4407,489,23378,1637,12,1
4905,29,B,6327,23458,1090,35818,2050,15,5
4906,44,C,3090,5403,670,39842,1667,11,2
4907,45,B,6302,23996,1113,32545,2169,18,5
4908,44,E,7076,48623,1205,27830,1453,17,6
4909,50,A,4484,30911,1211,17286,1625,16,3
4910,43,E,6212,22034,2437,30275,1743,17,5
4911,35,C,2866,331,624,23142,1817,13,2
4912,2,E,8488,94033,2238,28462,1574,19,7
4913,45,C,3301,5825,703,17146,1296,12,3
4914,51,D,2430,4490,510,39969,1958,15,1
4915,58,B,8226,16179,1223,21625,2738,15,6
4916,26,C,3814,2805,597,36246,1039,14,3
4917,31,C,3928,1010,992,26014,1746,10,3
4918,37,C,3276,14057,783,29415,1549,15,2
4919,38,C,3724,4905,716,25354,1990,14,2
4920,37,D,2453,6096,442,17638,1582,12,1
4921,38,A,5591,40011,905,40323,1146,15,5
4922,54,D,1786,3152,369,39626,1299,14,1
4923,45,E,8432,47246,1768,30087,1335,18,8
4924,54,D,2157,3740,407,20905,1200,10,1
4925,39,D,2718,5747,379,24585,1874,13,1
4926,52,C,3693,6713,857,27803,1482,13,3
4927,47,A,5033,25980,1014,25019,1996,21,4
4928,65,B,7157,15783,1301,25660,1738,18,6
4929,44,C,3737,1548,753,19450,1638,16,3
4930,40,C,3475,7169,474,18932,1706,16,2
4931,27,D,2673,5946,533,38503,1503,12,2
4932,57,E,7090,23584,1369,29527,1819,18,6
4933,37,E,8163,84798,2089,32220,2481,21,6
4934,25,A,5204,13108,822,19572,1781,16,4
4935,53,C,3341,7447,786,35748,1587,19,2
4936,26,C,3347,10011,842,31227,1247,14,3
4937,47,D,3030,7487,394,31536,2326,9,1
4938,36,C,3772,3438,887,40729,1024,19,3
4939,35,B,7233,22815,1144,26017,1182,16,7
4940,37,A,5277,7844,447,32962,1969,15,4
4941,50,A,4239,18878,1215,16546,1628,16,3
4942,49,D,1696,3016,452,38629,1942,11,0
4943,12,A,5698,18044,1214,24528,1840,16,4
4944,29,A,5289,41304,981,28426,1778,14,4
4945,39,C,3401,5471,797,39548,1979,13,2
4946,39,A,5504,27435,1093,17944,2004,16,4
4947,44,D,2169,2965,477,33187,1476,16,1
4948,42,B,7867,18596,1166,37256,1894,19,6
4949,41,D,3314,6785,593,15867,1554,11,2
4950,23,E,7858,48435,1812,34042,1243,19,7
4951,35,C,3496,7436,948,16652,1632,13,2
4952,21,C,2860,5056,758,16560,2008,15,1
4953,23,D,2871,5925,524,31887,1386,12,2
4954,52,D,3516,5269,547,29191,1763,14,2
4955,45,A,4991,35540,1293,33610,1679,17,4
4956,23,B,6337,18124,1245,16407,1660,18,5
4957,30,C,3454,2984,852,33155,1857,13,2
4958,49,B,8257,32619,1046,34238,2002,18,7
4959,48,D,3885,6545,405,26196,1344,14,3
4960,43,C,2717,9051,789,37644,2140,15,1
4961,32,C,2726,4143,859,41082,1118,15,2
4962,27,C,3549,4914,802,25744,1611,18,2
4963,55,B,5255,12697,1288,39184,1545,20,4
4964,39,C,3757,13003,571,40594,1638,11,3
4965,24,E,6761,53522,1349,40570,1485,16,6
4966,35,C,3139,7411,722,16833,2157,18,1
4967,50,D,2570,5516,469,39635,1811,12,1
4968,39,C,4328,10992,787,38278,1372,15,3
4969,42,A,4555,17658,1173,37409,1347,14,4
4970,34,D,3115,6432,523,22579,1977,14,2
4971,35,B,7861,35407,1208,16464,2146,19,6
4972,42,E,7003,29609,1995,18390,1891,17,6
4973,22,A,4488,25664,944,30320,1473,15,4
4974,34,E,7207,57696,1932,18837,1794,17,6
4975,38,C,3762,6464,870,22508,1535,15,3
4976,21,E,6127,38626,1237,22560,1527,18,5
4977,53,C,3582,1593,879,20450,1283,15,3
4978,48,B,6285,23881,1175,21692,1934,17,5
4979,40,B,6610,7364,1150,33182,1583,17,6
4980,50,E,6941,44,1759,35594,2133,20,5
4981,38,C,3222,6358,662,22533,1468,14,2
4982,62,B,5854,13074,1168,23183,1373,16,5
4983,31,B,5765,24460,1055,30735,1615,15,5
4984,55,C,4108,3374,702,20885,1460,13,3
4985,53,E,7564,29919,2409,33725,1355,17,7
4986,43,B,7189,24832,1278,16001,1427,19,6
4987,45,D,3274,8714,540,17793,1578,12,2
4988,47,A,5248,40820,1061,39484,2171,18,4
4989,34,A,4087,22624,1172,18597,1788,15,3
4990,57,E,8215,51700,1370,38049,2208,20,7
4991,30,C,3124,2414,780,24270,1737,14,2
4992,42,E,8301,49940,2054,31123,1734,17,7
4993,37,C,3208,7732,893,31410,1392,12,2
4994,54,C,3490,9363,800,41214,1853,15,2
4995,31,C,3521,8474,816,16038,1846,14,2
4996,47,A,5309,19533,1426,17938,1296,18,5
4997,50,A,4933,42862,1263,17255,1380,14,4
4998,26,D,3555,9295,432,27244,1921,10,2
4999,45,B,7608,21783,1063,25358,969,20,7
5000,42,A,3624,13851,1064,30434,2198,18,2
5001,38,A,6067,22790,826,36433,2018,16,5
5002,56,E,8992,57093,1612,26773,1760,16,8
5003,34,C,4005,8387,875,39915,1664,13,3
5004,42,B,8476,17470,1188,20112,1946,20,7
5005,53,D,1935,7058,516,26661,1432,13,1
5006,24,B,6672,29187,1245,22599,2275,19,5
5007,47,E,9122,41624,1411,19505,1898,20,8
5008,47,A,5040,17882,1028,33582,1578,18,4
5009,39,A,4311,17068,805,22219,1399,17,3
5010,45,A,5165,20641,1070,24516,1861,18,4
5011,46,B,6622,31526,1193,27769,1563,15,6
5012,41,C,3391,2189,822,24191,1450,13,2
5013,48,C,2916,7399,682,29065,1763,14,2
5014,43,D,1611,3734,568,15621,1947,13,0
5015,46,B,8151,42335,1156,34536,1078,18,8
5016,40,A,5905,20580,1067,39552,1799,18,5
5017,19,A,5262,32349,1480,41439,1690,19,4
5018,25,E,7387,73350,2358,32875,1910,17,6
5019,37,E,8055,16771,1363,36109,1878,19,7
5020,35,B,6292,12950,1198,28933,1788,16,5
5021,45,B,6834,10303,1151,16090,2149,19,5
5022,37,A,4862,22025,961,28992,1673,17,4
5023,34,A,4483,19073,1049,23693,1706,16,3
5024,25,B,7379,19459,1065,15648,1655,18,6
5025,45,C,3263,9012,601,25555,1610,13,2
5026,36,E,8530,64437,2025,27227,1813,15,7
5027,44,C,3466,4494,769,28006,1725,17,2
5028,52,C,3376,1662,598,16723,1858,15,2
5029,35,C,2790,8406,763,19599,1808,15,1
5030,42,B,6762,28096,1266,40175,2084,15,5
5031,37,B,5132,24122,1091,17374,1512,17,4
5032,57,A,4669,33050,855,20773,1755,17,3
5033,47,C,3300,5718,975,28535,2207,15,2
5034,43,A,5481,21370,869,28902,1947,15,4
5035,46,E,8090,34927,1522,25065,1568,18,7
5036,33,A,4713,19724,795,29145,2290,15,3
5037,41,D,939,1148,452,32536,2044,12,0
5038,38,A,4926,23253,1226,18125,2394,18,3
5039,39,C,3720,8759,680,24227,1822,13,2
5040,33,B,6129,23370,1309,16114,1895,18,5
5041,37,B,6476,25384,1259,28014,1786,19,5
5042,27,B,5473,20332,1304,19507,1641,17,4
5043,43,C,3334,452,676,16069,2389,11,1
5044,49,D,1669,2051,434,32330,1413,12,1
5045,37,A,4769,33761,594,18062,1973,14,3
5046,64,D,1798,3281,472,33319,1446,11,1
5047,36,D,2299,3235,527,34231,2273,13,1
5048,49,D,1851,3265,441,24270,1430,16,1
5049,50,C,3749,7736,815,19742,2295,14,2
5050,33,B,7078,15416,1436,36935,1820,16,6
5051,29,C,3579,421,754,27998,2502,15,2
5052,41,D,2857,6522,474,17162,1889,11,1
5053,68,B,8130,22265,1256,39348,1570,15,7
5054,51,B,9392,23301,1298,20433,2277,20,8
5055,39,A,5517,29846,898,29452,2263,15,4
5056,42,B,7283,11354,1222,28389,1350,17,6
5057,44,C,3177,9203,659,22138,2215,16,1
5058,45,C,3925,6378,905,31135,1538,12,3
5059,27,B,5367,12176,1209,27055,2009,14,4
5060,48,C,3154,6757,737,16504,1461,15,2
5061,7,B,6156,6582,1390,19161,1026,18,6
5062,44,E,7855,69666,1258,39559,1830,19,7
5063,46,C,3101,1444,768,15790,1814,12,2
5064,33,E,7762,49807,1620,27780,1469,19,7
5065,43,D,2945,8213,416,21748,1122,13,2
5066,29,C,3378,4211,831,24496,1541,10,2
5067,30,C,2911,4355,878,35484,2303,14,1
5068,45,E,7659,58333,1493,34646,1300,16,7
5069,58,C,3693,5162,773,29562,1554,16,3
5070,40,E,8273,64366,1543,39298,2174,18,7
5071,35,E,7885,9029,1593,29803,1560,20,7
5072,46,B,6600,31569,1247,19904,1346,18,6
5073,52,A,4525,17406,1027,22448,1771,17,3
5074,49,C,3656,7303,775,27181,1535,15,3
5075,51,D,2468,5959,461,33035,2222,13,1
5076,55,D,1177,3376,508,36761,1905,12,0
5077,32,B,6745,14921,1189,22297,1843,15,5
5078,47,C,2938,7015,785,35908,1197,18,2
5079,34,C,3769,17276,584,18749,1022,14,3
5080,29,A,4760,28213,1230,34693,1562,14,4
5081,39,E,7465,43876,2229,26240,1870,23,6
5082,49,D,2220,4478,539,27206,1499,11,1
5083,37,E,7962,18129,1920,17483,1564,18,7
5084,31,C,3477,7251,1006,18968,2236,16,2
5085,45,C,3503,8079,699,30445,1817,18,2
5086,35,B,7752,30535,1172,38619,1513,22,7
5087,40,D,3201,4309,422,23412,1538,11,2
5088,53,E,8726,68342,1637,39064,1656,18,8
5089,41,E,7472,38322,1652,22776,1614,18,6
5090,38,C,3913,4441,687,26009,2210,15,2
5091,30,D,3724,7312,538,21054,2045,13,2
5092,52,D,2009,2359,451,20220,1990,10,1
5093,50,B,8493,12902,1301,21057,1714,16,7
5094,40,D,2552,4256,458,22293,1358,13,2
5095,35,A,5160,21064,904,36221,2191,13,3
5096,38,B,6857,24736,1047,32285,1658,16,6
5097,42,E,7405,23143,2429,21436,1711,20,6
5098,45,D,2525,3138,475,28713,1417,12,2
5099,53,A,5725,25066,988,32684,2214,16,4
5100,38,D,2966,8177,512,31003,1441,10,2
5101,22,C,3561,11230,970,23716,1146,13,3
5102,31,A,5513,24914,573,34976,2393,16,4
5103,46,C,3786,260,732,31417,1876,14,2
5104,48,C,3926,543,982,25087,1661,16,3
5105,27,C,3390,5092,783,40642,1569,14,2
5106,30,D,2320,4398,603,38042,1531,12,1
5107,40,E,7591,31627,1454,24100,1269,14,7
5108,39,C,3024,6987,854,26086,1629,13,2
5109,55,E,6257,72542,1126,26924,2026,20,5
5110,52,E,7788,27807,1601,37744,1503,18,7
5111,42,C,3438,8269,919,29779,1084,14,3
5112,38,A,4926,14300,1170,20677,2288,16,3
5113,31,A,5430,33787,739,26862,1517,15,4
5114,45,E,9409,6688,1840,29975,1776,16,8
5115,33,C,3602,6130,673,39476,1924,14,2
5116,48,E,7018,53377,1458,16303,1117,20,6
5117,30,E,8277,79941,1522,40141,1577,16,7
5118,38,E,7561,39980,1503,25993,1804,22,6
5119,50,D,1858,5149,502,28919,1625,11,1
5120,43,B,6946,20902,1188,41488,2134,17,5
5121,29,E,7400,62685,1544,31731,1770,15,6
5122,32,C,3714,2172,930,33096,1778,12,2
5123,12,A,3992,8178,1069,20010,1499,16,3
5124,40,E,7888,23196,1494,40836,2280,16,6
5125,25,C,3828,9906,761,17917,1828,14,2
5126,25,E,7343,43437,2046,26694,1257,19,7
5127,68,B,7649,7732,1285,40156,1565,22,7
5128,41,A,4514,22128,1052,18868,1525,20,3
5129,38,E,7818,55473,2118,20911,1837,22,6
5130,51,D,3206,7993,477,38023,1894,15,2
5131,34,C,3953,10761,927,26838,1952,17,3
5132,42,C,3446,9565,851,37931,1864,14,2
5133,24,D,2545,3733,528,16728,1913,13,1
5134,30,C,3251,9694,715,37614,2082,16,2
5135,41,C,3035,9421,872,35212,1452,17,2
5136,36,C,3352,12279,865,19188,1573,15,2
5137,32,D,2710,6039,388,17281,1649,14,2
5138,52,B,5976,14624,1073,23059,1221,18,5
5139,42,C,3329,10766,880,25014,1225,13,3
5140,39,D,1845,4874,432,17059,2071,13,0
5141,31,A,4365,19871,580,29610,1442,14,3
5142,39,C,3564,8538,,,2514,18,2
5143,41,B,6489,37259,,,1761,16,5
5144,44,B,7153,32862,,,2118,14,6
5145,45,C,3359,5137,,,926,18,3
5146,57,A,5264,25009,,,1684,14,4
5147,48,E,7488,63317,,,1675,20,6
5148,42,B,7581,19409,,,945,16,7
5149,36,D,2887,7199,,,1305,13,2
5150,30,D,2283,6212,,,1646,13,1
5151,49,B,7099,10593,,,1846,17,6
5152,27,C,3980,10151,,,1180,15,3
5153,27,B,5223,12928,,,1902,18,4
5154,56,E,7920,1331,,,2009,19,6
5155,47,E,8523,87626,,,1652,15,7
5156,36,A,5378,26815,,,1947,16,4
5157,45,A,4680,24670,,,1424,16,4
5158,41,E,7438,82154,,,2299,17,6
5159,36,B,9102,27021,,,1487,18,8
5160,52,D,3068,5851,488,19084,1739,13,2
5161,47,A,5372,15322,954,26441,2054,17,4
5162,37,E,7563,52528,1921,19282,2150,19,6
5163,23,D,3357,9819,419,22550,1533,10,2
5164,51,B,6310,16694,1249,39326,1530,17,5
5165,34,A,5447,28412,1144,38166,1608,18,4
5166,48,D,2719,4885,503,42004,1671,13,2
5167,38,B,5215,23766,1173,18499,2386,16,3
5168,54,C,3420,15989,990,20137,1930,17,2
5169,35,E,8111,70902,1413,27419,1677,20,7
5170,37,A,5715,40940,1334,35162,1546,19,5
5171,40,C,3299,7722,912,36859,1923,12,2
5172,41,B,7462,20857,1313,16977,1798,17,6
5173,50,E,7155,59573,998,42075,2345,19,5
5174,44,E,6844,39933,1741,36827,1617,21,6
5175,39,B,6438,5070,1268,20407,1820,14,5
5176,42,D,2054,1654,552,37841,1868,12,1
5177,51,E,7671,45752,1531,37571,1623,17,7
5178,53,E,7603,65276,1573,15883,1573,20,7
5179,29,C,3736,5522,816,20800,1776,17,2
5180,40,B,7068,27036,1126,17641,839,19,7
5181,57,D,3026,4690,546,16349,2125,11,1
5182,40,B,7700,13340,1060,23824,1939,19,6
5183,29,C,3328,7424,836,41076,1891,17,2
5184,38,C,3776,13343,803,37391,1766,16,3
5185,42,C,4489,18655,778,35872,1765,17,3
5186,38,A,4010,16567,1068,36588,1626,17,3
5187,55,E,7587,37318,1428,35381,1420,16,7
5188,48,D,1608,3926,441,40124,2087,16,0
5189,33,B,7285,28739,1234,39501,1539,15,6
5190,51,E,8381,98138,1690,38571,1689,16,7
5191,50,E,7507,62230,1630,31666,1991,20,6
5192,41,C,3876,12639,956,35192,1947,17,2
5193,57,D,2582,5156,571,36211,1910,12,1
5194,43,D,1521,3315,411,36455,1953,12,0
5195,46,A,5827,34390,1058,38183,1026,18,5
5196,51,A,5756,42309,1118,21826,1387,15,5
5197,50,A,5131,23626,1282,32084,1419,19,4
5198,44,A,5376,29206,1375,23429,1771,16,4
5199,32,A,5282,22677,818,30833,1548,19,4
5200,42,C,2707,3343,729,27598,975,14,2
5201,44,C,3580,8911,650,36916,917,13,3
5202,44,D,3342,5731,533,39824,1598,11,2
5203,59,B,8193,33594,1103,25245,1710,15,7
5204,30,C,3710,4094,689,24063,2279,13,2
5205,35,C,2811,3903,801,27861,1786,13,2
5206,60,D,3033,6310,588,30997,1474,12,2
5207,41,B,6813,27765,1383,26505,1424,19,6
5208,45,D,3029,5972,475,33090,1244,16,2
5209,33,B,7065,23924,1277,27823,1949,13,6
5210,33,B,6671,23979,1163,32217,1450,17,6
5211,43,E,7646,74287,2124,35598,2025,20,6
5212,23,E,8031,64642,1552,25473,1233,16,7
5213,43,C,3780,7861,848,39149,1686,17,3
5214,47,C,4173,7428,893,31033,1811,14,3
5215,44,A,5030,28654,1274,31797,1680,16,4
5216,30,C,3025,6323,796,32166,2358,13,1
5217,46,B,5665,16202,1106,33161,2253,16,4
5218,40,D,2505,3699,475,20194,1601,8,1
5219,39,A,4121,26065,518,33990,1761,16,3
5220,48,C,3641,11558,764,30682,965,15,3
5221,54,D,2996,4366,569,25965,1832,10,2
5222,44,B,6860,10495,1140,29417,1788,17,6
5223,40,C,2876,4934,992,20193,1814,12,2
5224,43,B,6276,17937,1238,15852,2139,18,5
5225,49,D,3071,6707,489,20807,1286,16,2
5226,24,B,6847,12222,1213,34930,1834,17,6
5227,31,D,2253,2413,507,35383,1985,10,1
5228,33,E,8437,1469,1662,26865,1967,22,7
5229,42,E,6892,51810,1696,40910,1406,16,6
5230,29,C,3535,10282,856,28976,2062,13,2
5231,39,B,6980,17779,1144,35356,1688,15,6
5232,42,D,2822,5197,425,40174,1220,12,2
5233,24,D,3015,6807,491,38968,1870,8,2
5234,45,C,3102,6887,978,30944,1938,12,2
5235,59,C,3295,7339,723,25718,1627,12,2
5236,22,C,3281,8961,645,40883,1993,16,2
5237,59,E,8311,32056,1306,30002,1801,21,7
5238,35,A,5812,26458,744,20989,1482,16,5
5239,41,D,2879,6955,379,20944,1676,12,2
5240,35,D,3944,5014,509,25121,1073,10,3
5241,58,A,4365,18370,952,34157,1672,13,3
5242,48,C,3579,13703,895,23423,1844,16,2
5243,12,A,5619,25455,900,27689,1849,17,4
5244,39,E,8280,25788,1017,36661,1530,16,7
5245,49,A,5014,3305,782,38685,1504,18,4
5246,65,E,7342,39645,1677,35761,1728,22,6
5247,33,A,4419,28636,1021,34540,1677,15,3
5248,43,C,3791,7527,902,34920,1431,13,3
5249,39,D,2357,5585,453,22776,1082,9,2
5250,36,B,8387,14915,1412,21143,1643,21,7
5251,43,A,6038,43434,1116,40522,2323,14,4
5252,51,A,3877,16310,1135,33546,1743,20,3
5253,48,D,3373,10606,459,37100,1721,11,2
5254,32,D,1993,3050,543,32973,793,10,2
5255,42,B,7330,7553,1357,18110,1700,19,6
5256,38,C,3081,138,852,27425,1722,13,2
5257,17,D,3185,8083,456,18818,1666,16,2
5258,40,B,7640,26543,1315,37743,1755,18,6
5259,33,C,2929,2622,823,31547,1246,14,2
5260,33,D,2523,3036,525,26985,1067,14,2
5261,41,A,6022,28825,1103,32855,1171,16,5
5262,43,A,4414,21809,966,24396,1951,17,3
5263,51,D,1741,2153,535,35684,1646,13,1
5264,41,D,2021,1907,514,33205,1728,15,1
5265,42,D,3222,4248,529,20708,1789,11,2
5266,46,C,3705,14399,778,37023,1112,17,3
5267,50,E,7676,47558,2134,21136,1666,17,7
5268,42,C,2801,4130,736,29425,1715,18,2
5269,42,C,3325,8474,742,41782,2116,15,2
5270,45,C,3038,2542,638,29712,1714,12,2
5271,40,E,9133,82965,1667,15851,1281,18,8
5272,35,A,5109,17513,911,32291,1619,16,4
5273,30,C,2844,13597,698,16924,1896,15,1
5274,45,D,2191,5132,561,39066,1526,14,1
5275,50,D,2388,3649,487,17026,1677,14,1
5276,50,A,5199,37080,905,40225,1730,19,4
5277,48,C,3783,3940,752,23327,1188,13,3
5278,46,A,5306,28384,1391,26388,1517,17,4
5279,29,C,4528,15032,817,30144,2009,15,3
5280,31,D,2956,6843,585,41617,1755,12,2
5281,35,C,3512,2030,941,41868,2134,16,2
5282,74,B,4841,12964,1211,25165,1793,16,4
5283,37,A,5074,24832,1113,30859,1372,19,4
5284,24,A,5942,36243,717,29297,2218,19,4
5285,40,A,5020,19364,953,17169,1551,18,4
5286,47,D,3058,5651,536,21662,1987,13,2
5287,51,A,4164,5281,1020,28376,1804,17,3
5288,38,B,6102,24113,1145,27227,1942,16,5
5289,47,B,7207,28987,1301,31478,1171,14,7
5290,70,B,6356,28612,1214,37549,1257,20,6
5291,39,E,7535,62390,1296,36592,1979,20,6
5292,35,A,5712,27880,1005,23425,1553,16,5
5293,34,E,7230,57391,1788,40948,1902,16,6
5294,47,C,3381,17010,1010,20564,1992,12,2
5295,35,A,4740,34297,821,42077,2111,15,3
5296,39,B,5435,12527,1183,35790,1987,16,4
5297,59,B,7290,28320,1108,39260,1567,23,6
5298,42,A,5786,28506,792,25398,1806,16,4
5299,30,E,8000,36561,1528,22928,2028,16,6
5300,34,C,2994,4617,889,34905,1117,13,2
5301,47,B,6857,15340,1175,23012,1260,20,6
5302,47,B,5227,9682,1209,34445,1206,16,5
5303,41,E,7995,61585,2119,26966,1179,19,7
5304,23,B,8368,37336,1386,33046,1653,18,7
5305,49,D,2408,5127,508,25278,1148,11,2
5306,25,B,6604,13081,1219,28304,1490,20,6
5307,65,C,3394,4941,879,41141,1883,15,2
5308,20,B,7646,24985,1143,29116,1772,18,6
5309,50,C,4270,7254,770,19805,2092,14,3
5310,42,D,1858,4740,488,17520,1920,12,0
5311,71,D,2785,4397,529,34423,1810,8,1
5312,32,D,2112,4341,395,27270,1525,12,1
5313,22,A,5164,20947,1020,22748,1882,16,4
5314,39,D,2070,4950,438,42071,1249,15,1
5315,54,B,7349,6653,1068,39660,1852,18,6
5316,41,E,7955,90357,1916,41986,1623,20,7
5317,49,B,5082,14585,1120,25102,1908,19,4
5318,52,A,5293,27208,1244,21079,1681,16,4
5319,36,A,5294,32004,752,35505,1692,14,4
5320,24,B,7422,22503,995,39443,1757,16,6
5321,32,C,3775,5718,819,20442,1881,12,2
5322,55,D,2733,5835,422,41833,1346,10,2
5323,40,E,7967,46305,1133,40804,1129,19,7
5324,42,E,7409,31993,1836,27644,1325,21,7
5325,36,C,3448,2127,778,40794,1584,14,2
5326,53,A,5321,39667,917,38421,1639,22,4
5327,30,A,4471,20124,977,24650,1710,14,3
5328,45,E,8217,35191,1649,29849,1712,15,7
5329,51,A,5225,39905,844,34628,1849,17,4
5330,37,D,1426,1748,560,32750,1247,14,1
5331,50,D,1928,3741,465,20741,2016,12,0
5332,44,E,7521,19270,1877,41063,2085,20,6
5333,38,C,3392,7121,786,29122,1454,16,2
5334,40,C,3704,7475,649,16641,1728,15,2
5335,46,B,7362,24864,1152,36423,1663,16,6
5336,35,C,3530,6680,775,41131,1448,11,3
5337,49,A,4789,24194,1109,36117,2175,16,3
5338,53,C,3159,12105,803,40164,1120,15,3
5339,32,E,6876,72200,1519,37917,2006,20,5
5340,36,E,8022,22633,2144,19214,2451,16,6
5341,46,E,7901,87297,2003,41791,1847,18,7
5342,29,A,4874,7367,623,23808,1430,14,4
5343,30,E,8274,37273,1966,34703,2430,21,6
5344,31,E,7987,20496,2061,41988,2496,20,6
5345,40,D,1792,3321,479,38187,1640,12,1
5346,39,C,3519,8534,942,33422,1829,16,2
5347,30,E,6835,5773,1469,36584,1876,18,5
5348,38,C,3746,1509,939,17214,1823,15,2
5349,41,E,7966,14073,1418,26509,1735,19,7
5350,42,C,2811,5267,1023,41856,1481,16,2
5351,52,C,3025,6765,789,28536,2127,16,1
5352,35,D,2460,3760,499,38535,2357,11,1
5353,32,A,4677,21642,954,24890,1039,18,4
5354,34,E,9253,85645,1806,34168,1762,17,8
5355,48,B,7667,30145,1139,25097,2116,18,6
5356,44,B,6148,20691,1092,27151,2123,19,5
5357,40,A,5690,37246,1123,39616,1999,14,4
5358,45,C,3842,5254,785,37791,1758,17,3
5359,36,A,5464,19293,775,18652,1667,16,4
5360,44,B,7434,30892,1366,36970,1881,17,6
5361,60,A,4815,29094,1226,23897,1651,15,4
5362,29,D,1325,1751,435,27599,2049,13,0
5363,35,A,4585,29427,1351,34073,1814,14,3
5364,45,B,7264,24165,1349,35136,2206,17,6
5365,37,A,4533,11752,815,23457,1539,18,3
5366,37,A,4750,26783,1339,40875,1644,18,4
5367,40,B,7208,12351,1145,16578,2322,17,5
5368,35,A,5367,27317,1178,19640,1331,19,5
5369,47,C,3073,3095,800,18262,863,15,3
5370,45,A,4914,25848,1225,22545,2159,17,3
5371,44,E,8120,57693,1655,24028,1410,18,7
5372,40,C,3315,8160,659,36636,1755,16,2
5373,50,E,8361,35430,1578,41367,1722,17,7
5374,24,B,7427,27565,1158,16060,2389,19,6
5375,52,A,4861,22701,1042,37128,1691,12,4
5376,51,A,5213,34750,1314,21869,1671,19,4
5377,40,B,6596,17253,987,34781,1805,21,5
5378,38,B,6808,6035,1318,20223,2011,18,5
5379,54,C,3276,1680,752,16132,1493,16,2
5380,45,C,3818,14428,877,34825,1090,19,3
5381,37,E,7297,44453,1654,25852,1432,20,6
5382,42,C,3185,12128,816,29885,1763,17,2
5383,36,D,2622,5082,536,17766,1565,11,2
5384,29,D,2769,6901,477,30927,1590,9,2
5385,47,C,3201,6415,876,29143,1015,14,3
5386,27,A,4837,28370,912,27952,2072,18,3
5387,38,A,4722,29282,1076,40205,1755,16,3
5388,22,A,5122,43356,687,40917,1696,14,4
5389,26,E,7166,34371,1818,38201,1843,23,6
5390,37,D,3560,8359,456,25401,1408,12,3
5391,30,A,4552,28282,1272,23815,1299,15,4
5392,57,D,3396,6997,510,38966,1144,19,3
5393,43,E,8984,32138,1586,27511,1772,21,8
5394,48,C,2672,1240,722,26525,1658,18,2
5395,30,E,6568,51824,1520,16317,2116,22,5
5396,46,E,7864,62954,1400,39723,1836,20,7
5397,36,E,7199,42905,1424,22383,1884,18,6
5398,51,C,3287,16630,810,37149,1487,12,2
5399,43,E,8204,57064,1446,32257,2036,16,7
5400,37,D,3288,8839,562,34174,1736,11,2
5401,47,E,7999,20787,1775,31232,1555,20,7
5402,31,D,997,1658,472,17959,2074,14,0
5403,51,C,3631,5647,740,38158,1583,16,3
5404,49,C,3927,10214,689,28313,2772,14,2
5405,38,E,9017,57978,1646,23182,2032,18,7
5406,41,A,5342,19685,1070,26800,1623,14,4
5407,40,D,2860,4890,380,21251,2362,13,1
5408,32,A,4552,29907,1236,28070,2089,13,3
5409,16,A,4214,26093,1303,23778,1695,17,3
5410,49,A,4720,31473,951,27336,1844,18,3
5411,45,D,1162,2100,453,20166,1677,12,0
5412,53,B,7745,27276,1146,38837,1305,17,7
5413,40,E,7617,51814,1659,34282,1968,16,6
5414,44,A,4917,29899,981,39822,1588,17,4
5415,44,C,3119,4845,834,31948,1535,13,2
5416,43,A,4091,21129,1161,39070,2203,19,2
5417,33,C,2783,6058,794,32409,1644,15,2
5418,27,B,6738,28708,1147,27614,1238,15,6
5419,41,C,3438,10141,852,23868,1410,15,3
5420,42,C,3852,7411,721,20180,1782,17,3
5421,44,D,2041,3292,412,35217,1959,13,1
5422,36,B,6831,41781,1201,39332,2431,19,5
5423,38,D,2348,5889,545,23239,1353,16,1
5424,35,D,2987,3723,514,39075,1984,17,2
5425,39,A,4997,17630,1175,25829,1178,20,4
5426,37,E,8009,57470,2493,32472,1240,21,7
5427,48,B,7332,13829,1208,41339,2299,17,6
5428,57,B,7534,17991,1162,25870,1494,17,7
5429,38,C,3039,11687,900,35013,1622,13,2
5430,35,B,7987,18479,1267,35668,1521,16,7
5431,30,D,2810,4842,618,26926,2143,12,1
5432,57,C,3229,5346,667,19278,2008,13,2
5433,59,B,6292,30011,1271,35697,1716,16,5
5434,57,C,3851,2999,815,40458,1448,13,3
5435,48,A,5458,29206,855,19676,2239,13,4
5436,39,C,4066,1444,972,27698,2354,15,2
5437,46,C,3721,10982,835,25955,2520,12,2
5438,51,D,2554,6641,523,33944,1689,11,1
5439,37,A,5853,28529,1002,18497,1922,17,4
5440,30,A,5095,21271,826,27959,1393,15,4
5441,45,A,4350,19003,1287,42010,1848,16,3
5442,44,A,5421,21624,854,34350,2496,18,3
5443,48,D,3307,6410,484,24660,2178,12,2
5444,38,A,5219,33285,1257,22120,1648,15,4
5445,51,A,5335,28493,1212,21237,1796,17,4
5446,36,A,4713,22039,1025,30491,1657,16,4
5447,55,E,6700,31925,1989,32532,1852,16,5
5448,44,E,7860,55729,1542,27578,1766,16,7
5449,34,C,3524,8062,747,40578,2677,13,1
5450,26,A,5893,20582,953,18803,1810,18,5
5451,36,E,8355,57480,1788,35896,2171,19,7
5452,30,D,2875,3963,549,39191,1783,12,2
5453,40,B,6679,17364,1137,33090,1965,19,5
5454,28,A,4635,22207,1044,23158,1899,20,3
5455,42,A,5732,27126,798,41853,2085,13,4
5456,40,A,4956,24800,724,28348,2288,18,3
5457,45,B,5685,10962,1256,28650,2560,17,4
5458,55,B,6912,19270,1380,29492,955,19,6
5459,18,E,7881,53407,2435,20543,1471,12,7
5460,48,C,4061,7686,776,22450,1736,17,3
5461,23,C,3099,6251,1095,33467,2431,14,1
5462,39,D,2632,4324,560,33468,1527,13,2
5463,56,E,9340,41580,994,26540,2426,16,7
5464,33,E,7662,83059,1277,39250,1776,19,6
5465,49,A,4102,15552,969,18632,1445,16,3
5466,51,B,7531,585,1174,27829,1916,19,6
5467,51,E,7035,1272,1554,26637,1163,18,6
5468,54,B,5709,14039,1363,20729,1389,20,5
5469,34,B,6965,27918,1347,22918,2244,17,5
5470,44,C,3537,15022,974,37793,1373,15,3
5471,39,A,4784,15887,767,28851,1553,15,4
5472,54,E,7646,28200,1921,38301,908,15,7
5473,36,C,3357,1415,709,19199,1955,17,2
5474,36,C,3015,526,717,23357,1688,15,2
5475,40,B,6207,24344,1250,17140,1484,15,5
5476,33,A,4823,14812,1063,21706,1547,15,4
5477,54,D,2450,6400,445,31250,1789,11,1
5478,62,D,3608,6607,457,35863,909,10,3
5479,48,B,5041,19407,1083,32307,2166,16,3
5480,68,D,747,1607,516,24789,1870,15,0
5481,39,E,8285,40055,1807,34021,1992,14,7
5482,57,C,3897,9765,964,25265,2209,12,2
5483,43,B,5854,12577,1099,41296,1521,17,5
5484,52,A,5206,39022,681,31181,1921,14,4
5485,41,C,3553,8813,850,17208,1407,13,3
5486,41,E,8825,31982,1840,17971,1931,22,7
5487,41,D,1895,4719,426,18906,1622,14,1
5488,51,E,7956,18482,1270,41820,2389,17,6
5489,28,C,2514,5528,844,39124,1683,15,1
5490,32,D,2276,3318,488,36240,1909,12,1
5491,47,C,3642,8605,685,39460,1910,16,2
5492,29,B,6684,15251,1130,41507,1493,16,6
5493,52,C,3702,12115,716,19297,1541,14,3
5494,43,C,3966,15893,656,38752,1753,14,3
5495,39,A,5076,36101,1333,32907,1933,15,4
5496,40,E,8776,37935,1160,17912,1521,18,8
5497,62,A,4813,25767,1354,30495,1862,19,3
5498,19,B,7364,11201,1201,22309,1485,18,6
5499,38,D,1815,3857,392,40516,1590,11,1
5500,59,C,3032,1186,890,17667,1544,16,2
5501,40,E,7322,37834,1479,33750,1761,23,6
5502,47,D,1535,2183,509,31405,1536,15,0
5503,36,E,6885,17864,1344,19709,1806,20,6
5504,43,B,6376,17920,1187,40619,1135,17,6
5505,47,B,6963,14962,1207,28771,1847,18,6
5506,45,E,8836,64540,1590,25499,1830,18,8
5507,50,D,2335,3700,467,38690,1327,10,2
5508,42,A,5072,17493,851,41389,1680,20,4
5509,32,D,1810,4348,386,24623,1105,13,1
5510,28,A,5092,26024,1057,18194,1419,18,4
5511,45,E,8589,81828,1574,18030,1379,22,8
5512,43,B,7383,14842,981,37514,2206,13,6
5513,45,A,4853,29303,1538,28860,1260,15,4
5514,19,A,5030,19194,1385,31793,1541,14,4
5515,40,B,5214,24301,1196,33178,2054,19,4
5516,42,C,3146,4580,550,33306,1085,15,3
5517,53,E,9039,118401,1878,32104,1844,21,8
5518,27,A,5136,24019,1134,15641,1119,15,5
5519,47,A,5504,23128,878,18306,2122,18,4
5520,41,A,4734,29808,664,17025,1677,19,4
5521,57,D,2390,4618,500,29475,1830,12,1
5522,36,A,4845,17659,1402,23012,1775,19,4
5523,28,C,3526,3129,887,28824,1122,6,3
5524,48,B,7132,26524,1094,19869,1619,16,6
5525,51,E,6714,62375,1819,26740,1779,19,5
5526,27,B,8505,17485,1188,34981,2579,20,6
5527,34,A,4616,25053,1067,26068,1666,13,3
5528,28,E,6711,48539,1328,16397,2261,19,5
5529,46,B,6769,1346,1370,23787,1800,16,5
5530,45,C,3854,9745,743,26088,1375,15,3
5531,50,B,5957,20794,1299,18652,1653,17,5
5532,37,E,8512,64577,1657,19443,2126,19,7
5533,27,E,7337,56067,1649,30961,2455,22,5
5534,44,C,3963,14376,781,24776,1996,11,2
5535,50,D,2899,5434,515,41563,1491,13,2
5536,48,D,1736,2014,471,41253,1636,12,1
5537,53,B,6493,15142,1079,41617,1271,16,6
5538,44,A,4767,28171,1091,32983,1609,12,4
5539,42,B,7339,12394,1268,35940,1377,18,6
5540,54,B,7761,28286,1276,22472,1546,15,7
5541,39,E,8621,72063,1085,38541,2069,18,7
5542,34,C,3475,9224,768,28298,1315,15,3
5543,54,A,4032,23308,753,31005,1720,17,3
5544,38,C,3608,10657,760,40868,1665,11,2
5545,25,E,7948,35551,1805,24659,1945,23,7
5546,45,E,8273,42019,2104,37280,2035,22,7
5547,54,B,6128,18361,1122,26377,2023,23,5
5548,37,A,5623,22644,737,39593,1921,17,4
5549,44,E,7149,28212,1351,17472,1759,18,6
5550,49,A,5013,19575,1134,41720,969,20,5
5551,58,A,4817,45553,878,19845,1782,17,4
5552,27,D,1816,5107,560,40680,1859,12,0
5553,19,A,5503,20207,893,37279,1572,16,4
5554,48,B,7055,23501,1160,22364,1176,20,6
5555,32,E,6974,19654,1438,29037,1407,21,6
5556,42,C,3669,7360,713,41149,1699,16,2
5557,44,C,3337,5232,891,27498,2201,15,2
5558,34,E,8036,4348,1493,30851,1564,15,7
5559,50,A,4827,12051,778,37276,1082,17,4
5560,40,B,6592,21321,1256,31772,1372,18,6
5561,45,E,8005,23905,1343,36017,1666,16,7
5562,36,D,3127,6732,440,38483,1396,12,2
5563,50,D,2823,6387,446,16626,2013,10,1
5564,43,E,7884,66630,2045,40739,1631,17,7
5565,41,A,5384,27674,671,29543,1718,18,4
5566,32,C,3058,6123,589,40431,1313,14,2
5567,31,C,4248,10179,875,39105,1548,13,3
5568,39,C,2687,7455,905,35201,1604,17,2
5569,52,D,732,2309,431,33608,2267,12,0
5570,61,A,5471,30195,1034,40292,1374,16,5
5571,40,D,2667,6121,423,16553,1005,12,2
5572,53,D,3483,6218,445,41314,1854,16,2
5573,33,D,2385,5022,583,31036,1147,14,2
5574,24,B,6250,14710,1273,31202,988,17,6
5575,41,D,2917,5937,471,21184,1906,14,2
5576,37,E,8300,48110,1133,24148,1712,19,7
5577,48,B,7602,29899,1234,21874,2205,19,6
5578,25,D,3794,7574,531,32817,1945,12,2
5579,33,B,5292,15032,1158,23651,1385,18,4
5580,11,E,7545,55023,1551,15649,1662,15,6
5581,34,C,3847,6410,929,26877,1791,14,3
5582,60,E,7641,49736,2072,23608,1723,19,6
5583,46,D,2653,5634,458,30513,1491,12,2
5584,48,B,7909,25110,1228,30110,2092,14,6
5585,47,A,5645,27298,954,37542,2117,14,4
5586,42,E,7966,28289,1658,34900,2303,19,6
5587,18,A,4293,28219,735,15814,2098,16,3
5588,50,E,8220,110288,1719,17749,1834,20,7
5589,35,B,7729,36585,1230,24389,1976,16,6
5590,36,E,7602,92408,449,19303,1619,19,6
5591,42,D,1836,4684,664,38114,2013,13,0
5592,32,E,8325,64197,1641,23230,1737,16,7
5593,29,B,5804,23272,1173,23893,1931,21,4
5594,58,C,2807,6928,703,19940,1939,15,1
5595,36,B,7718,25406,1229,22262,1965,16,6
5596,40,C,3297,85,761,30167,2332,20,1
5597,43,C,3248,4152,862,24902,1944,13,2
5598,41,D,3432,8063,427,23333,1508,14,2
5599,41,D,2226,3592,523,26151,1550,14,1
5600,34,C,3319,6879,869,30740,1570,15,2
5601,47,E,7668,91941,1642,33775,1942,20,6
5602,37,B,7610,30165,1228,28362,1712,16,6
5603,48,D,2304,5235,595,40966,1952,12,1
5604,45,C,3907,6243,840,17939,2087,15,2
5605,38,E,8086,61184,1365,32647,1629,19,7
5606,44,B,7262,19741,1101,35157,1504,18,6
5607,29,B,7296,29432,1160,28796,1491,16,6
5608,32,C,4151,2642,941,40400,994,14,4
5609,51,B,7312,31795,1161,24170,2172,18,6
5610,48,A,4674,25659,1089,17501,1642,14,4
5611,35,E,8144,62521,1386,24572,1938,20,7
5612,41,D,2876,6328,481,16889,1698,10,2
5613,35,C,3769,9208,752,37819,1215,17,3
5614,16,C,3738,11509,820,16112,1375,16,3
5615,54,B,9178,41600,1392,19052,1815,20,8
5616,32,E,8036,47331,1847,31781,2108,20,6
5617,41,D,1712,4005,418,31270,2234,13,0
5618,45,A,5800,32685,1069,28617,2102,18,4
5619,45,A,5136,34772,853,28233,2476,17,3
5620,33,B,6681,17676,1138,26979,1029,21,6
5621,54,A,4437,23273,1093,25004,1872,17,3
5622,39,B,5520,16901,1177,16016,1834,21,4
5623,58,B,6151,16867,1112,39651,1401,16,5
5624,16,E,8232,22529,1939,34385,1321,15,7
5625,39,D,2909,6679,512,32510,1866,12,2
5626,36,A,4969,23462,874,41259,1070,17,4
5627,33,A,5292,28727,1281,20850,2124,18,4
5628,30,A,5593,33786,735,41719,1600,17,4
5629,42,A,4301,19252,1013,29468,1600,18,3
5630,51,E,9486,37005,2116,18636,1824,17,8
5631,45,D,1403,2170,388,38750,1745,11,0
5632,53,E,8000,70062,2051,22709,1428,19,7
5633,43,B,8125,23854,1123,20035,1669,18,7
5634,25,B,4467,18273,1069,18053,1336,20,4
5635,49,A,5431,28216,869,28190,2285,17,4
5636,38,C,3330,7493,881,29870,1998,17,2
5637,34,D,2138,4353,449,17052,1629,10,1
5638,47,A,5625,26458,1213,30153,1597,13,5
5639,29,E,8114,42975,1719,36373,1318,18,7
5640,35,C,3103,243,765,20843,1369,17,2
5641,49,D,2673,3346,485,37170,2092,13,1
5642,30,C,3423,5628,652,30200,1625,16,2
5643,46,A,5778,31283,1137,35455,2316,16,4
5644,40,B,5465,27061,1338,27216,1446,18,5
5645,51,A,5044,17640,886,41783,1919,14,4
5646,40,A,5158,22746,1106,28441,2113,19,4
5647,38,D,1036,2540,542,25779,1412,11,0
5648,32,B,6111,19415,1341,36248,1536,18,5
5649,39,C,3493,1646,697,27121,2005,17,2
5650,52,E,7986,23852,1721,39312,855,17,8
5651,55,B,7492,29860,1328,19671,1525,19,6
5652,40,D,2208,4509,541,35524,1315,12,1
5653,42,E,6772,45224,1699,37954,1789,17,5
5654,36,C,3413,11639,830,38542,1644,12,2
5655,45,B,7618,21087,1204,31857,1634,16,6
5656,48,C,3442,3941,817,24637,1542,14,2
5657,23,E,7492,63916,1620,21489,1030,17,7
5658,38,C,3331,13732,1039,30167,1694,13,2
5659,39,D,2752,5066,505,23902,1570,10,2
5660,53,A,5334,8203,1287,30846,2254,15,4
5661,57,D,2688,5439,498,39809,1757,12,1
5662,41,A,5228,16230,1118,24005,1756,19,4
5663,46,B,6772,15399,1205,31827,2122,18,5
5664,50,A,4376,15793,867,33675,1736,17,3
5665,37,A,4435,16526,1267,37536,1787,19,3
5666,33,A,4989,29891,1257,21709,1741,16,4
5667,31,E,8167,97348,1810,34911,1944,19,7
5668,32,D,3316,8598,472,24225,1963,12,2
5669,18,A,4531,16326,1030,32095,1522,18,4
5670,43,E,8627,35951,1224,17355,1849,18,7
5671,39,E,8054,51575,1279,18668,1662,20,7
5672,25,D,2282,3801,486,17851,1401,14,1
5673,35,C,3082,4912,895,20658,2125,16,1
5674,27,A,4693,25650,1090,36659,2066,18,3
5675,46,E,7683,30210,1698,36336,1588,21,7
5676,20,A,5778,28068,459,35393,1537,18,5
5677,44,D,3143,4984,570,28010,1439,14,2
5678,49,E,8074,43124,1906,24863,1381,17,7
5679,28,A,5124,25798,640,25114,2094,16,4
5680,50,A,4973,34336,1148,22278,1684,17,4
5681,35,C,3727,8642,820,32766,2124,13,2
5682,45,B,8381,29985,1080,19771,1132,17,8
5683,33,D,1839,4212,534,31324,2218,16,0
5684,54,C,3160,9334,809,25739,1628,14,2
5685,39,D,1913,3058,555,18096,2041,13,0
5686,43,E,7924,44889,1682,26891,1810,18,7
5687,40,C,3997,10993,617,15760,1278,15,3
5688,32,C,3483,4238,858,21795,1421,13,3
5689,42,C,3778,2091,821,22909,1780,16,2
5690,32,E,7676,78203,2103,21850,1985,20,6
5691,31,E,8179,27803,1176,18409,1651,20,7
5692,30,B,8453,37069,1276,17668,1927,18,7
5693,71,E,7518,61296,1687,36226,1565,19,6
5694,53,E,7603,87913,1835,42032,1547,19,7
5695,24,E,8509,64004,1936,21649,1371,19,8
5696,27,A,5532,29246,979,31093,1579,19,4
5697,29,C,3447,4476,931,37830,1502,19,2
5698,34,B,5545,17412,1295,35067,1985,17,4
5699,43,A,5899,49391,1254,42038,1696,18,5
5700,39,D,1900,4285,434,24236,1805,16,1
5701,43,C,3562,5902,954,37079,1638,14,2
5702,35,C,2929,5917,791,27327,1196,17,2
5703,37,A,5623,15777,1240,37923,1917,16,4
5704,56,B,8386,13105,1189,26298,1940,17,7
5705,45,D,1737,1254,505,33093,1717,10,1
5706,45,C,4475,13286,643,37269,1840,17,3
5707,51,C,3620,12235,773,37324,1541,13,3
5708,43,A,5522,22494,1281,35779,1734,17,4
5709,40,A,4755,15490,897,40847,2035,16,3
5710,47,C,3463,10187,793,23531,1485,11,2
5711,40,C,4049,4982,774,34455,1297,14,3
5712,40,D,3059,4074,539,21625,1941,15,2
5713,23,A,5477,29659,1056,29275,1742,19,4
5714,29,A,5722,34097,1035,26679,1472,21,5
5715,33,A,4472,21346,1033,35869,1592,18,3
5716,31,A,5256,18990,765,37347,1429,14,4
5717,47,B,9582,11710,1068,39874,1692,14,8
5718,48,C,3439,839,791,36417,1835,16,2
5719,47,E,7836,76446,1514,40521,1409,18,7
5720,24,C,3620,9667,631,28327,1457,17,3
5721,25,E,7829,34512,1459,37108,1247,21,7
5722,38,B,8078,15817,1142,31484,1242,18,7
5723,39,C,3103,11457,928,20936,2615,13,1
5724,44,D,3773,8764,578,38196,2345,12,2
5725,30,A,4221,24556,1231,25126,2190,15,3
5726,36,C,3816,1333,752,30313,1752,17,3
5727,29,C,2893,3627,941,29288,1419,13,2
5728,48,C,3350,8146,795,20208,1705,18,2
5729,65,E,8043,53803,1858,30701,1872,20,7
5730,42,D,2884,5303,451,34684,1669,10,2
5731,52,B,7284,24874,1146,26148,1578,20,6
5732,37,D,3491,4908,545,34800,1811,14,2
5733,26,E,7213,63083,1522,20013,1680,16,6
5734,23,C,3770,6892,722,16575,1609,13,3
5735,55,E,8190,41459,1559,23987,1341,16,7
5736,37,A,5483,38455,703,40162,1473,19,5
5737,47,B,5528,22720,1179,36502,1768,18,4
5738,28,B,5112,14954,1090,37221,1650,18,4
5739,41,D,3060,6938,586,41048,2007,10,2
5740,39,D,3332,5730,524,37780,1465,13,2
5741,55,A,5375,30218,1019,30959,1548,16,4
5742,29,B,7075,9628,1087,38623,2011,19,6
5743,33,E,8498,41729,2367,24306,1869,16,7
5744,39,A,4722,11532,1129,30342,1602,17,4
5745,42,C,2813,3078,899,31706,1725,13,2
5746,49,E,7857,45461,1906,29668,1479,16,7
5747,37,A,5252,26114,1109,24726,1835,10,4
5748,33,D,2278,5325,545,28271,1357,11,1
5749,50,E,7032,29957,1859,21568,1767,20,6
5750,35,D,1900,2360,540,36519,1372,16,1
5751,32,B,5782,27768,1144,37925,1220,16,5
5752,28,A,6323,29105,852,26368,2356,13,4
5753,37,A,4481,20908,812,41212,1605,16,3
5754,35,C,2931,7336,766,28656,1673,15,2
5755,60,D,3531,6853,531,33192,1399,14,3
5756,34,E,7215,16764,1630,22493,1922,19,6
5757,29,D,1980,5227,508,25124,1418,10,1
5758,50,D,2256,4311,525,32150,1701,13,1
5759,26,A,4989,20735,1018,17987,1956,11,4
5760,26,E,7967,53788,1705,39485,1464,18,7
5761,70,B,7542,32386,988,34414,1656,15,6
5762,40,B,6765,19958,1224,28675,1561,14,6
5763,28,B,7237,33776,1191,30937,2088,17,6
5764,43,B,6202,30182,1269,39492,1723,18,5
5765,23,E,9525,50896,1234,36166,1505,21,9
5766,31,A,4723,31617,850,33412,2044,14,3
5767,26,C,3248,5301,743,17021,1475,14,2
5768,29,E,8690,32904,1341,37615,2435,21,7
5769,44,C,3224,10933,866,36187,1658,14,2
5770,37,C,3888,9799,759,17123,1522,13,3
5771,49,D,1946,3316,493,25960,1742,12,1
5772,43,D,2303,5112,414,23399,1601,15,1
5773,57,B,7085,29112,1183,37176,1325,16,6
5774,30,A,4886,27892,895,40393,1305,15,4
5775,24,D,2473,4885,504,26325,772,12,2
5776,58,C,3671,16437,782,31195,1164,19,3
5777,50,A,4605,17207,1323,29105,1736,19,3
5778,50,D,2180,3746,448,28893,2116,13,1
5779,40,C,3737,15454,835,30796,1723,8,3
5780,60,A,5159,26911,1014,19074,1105,16,5
5781,50,B,7216,22454,1035,21672,1697,17,6
5782,48,D,2795,3998,522,22218,2348,13,1
5783,37,A,4685,23294,1020,35195,1307,16,4
5784,33,E,8041,31493,2191,35853,2413,17,6
5785,44,A,5683,35375,908,24682,2073,15,4
5786,25,D,3563,9349,396,23149,1897,11,2
5787,47,A,5663,41279,950,23725,1310,19,5
5788,47,B,7633,26013,1075,25704,1621,18,7
5789,38,B,6418,20136,1144,17647,1758,20,5
5790,41,C,3798,4699,908,34446,1612,16,3
5791,29,B,6784,29248,1224,22112,1551,21,6
5792,32,C,3474,1165,725,38145,1621,17,2
5793,46,D,4119,6678,553,40532,1522,13,3
5794,21,A,4881,33443,895,20375,1541,15,4
5795,39,C,3864,2372,803,27833,1514,12,3
5796,48,A,4741,19480,1080,26291,1681,15,4
5797,34,D,2386,5726,464,21430,2126,15,1
5798,50,A,4682,18560,805,38618,1681,18,4
5799,48,D,2863,3431,462,30316,1154,9,2
5800,44,E,8228,78957,1049,25293,1432,18,7
5801,36,B,7567,11458,1090,31818,1405,16,7
5802,33,B,8858,30818,1309,34030,2093,22,7
5803,37,C,3446,634,788,23789,2139,15,2
5804,60,E,7888,26540,1793,29792,1510,20,7
5805,30,E,8693,37696,1535,30694,1699,19,7
5806,40,C,2865,1227,768,31429,1879,14,1
5807,37,C,3692,11648,720,23055,1807,14,2
5808,37,D,1649,1194,568,27824,1767,11,0
5809,51,D,2172,4629,549,41112,2472,18,0
5810,43,B,7924,22745,1271,23295,1995,17,6
5811,48,A,4842,20866,873,31356,1550,15,4
5812,34,B,6670,24308,1246,22377,1918,18,5
5813,31,D,3055,7033,485,40624,2022,10,2
5814,55,D,2452,4362,597,27068,1580,9,1
5815,55,E,8219,37609,1635,40267,1982,16,7
5816,35,D,3837,10409,578,24520,1609,14,3
5817,28,C,3509,7728,983,33072,1930,16,2
5818,44,D,3194,5273,520,35937,1677,16,2
5819,25,B,6851,15418,1119,21295,1655,16,6
5820,46,D,2742,3230,521,38746,2219,17,1
5821,42,E,7310,60971,1246,39359,1944,19,6
5822,26,D,2596,5685,486,18236,1596,16,1
5823,52,E,8657,74386,1832,41052,1991,21,7
5824,41,A,6786,51252,865,28560,1335,19,6
5825,42,B,6793,24307,1115,15843,2014,18,5
5826,52,A,5684,33217,567,22866,2117,18,4
5827,34,E,8296,20967,1586,19978,1477,18,7
5828,51,C,3309,4510,905,33086,1569,14,2
5829,43,C,3402,7079,800,34790,1256,14,3
5830,18,E,7799,41507,1836,36150,1674,17,7
5831,41,C,3122,6345,809,35270,1240,11,2
5832,30,A,5277,34393,960,26384,1494,14,4
5833,53,A,4704,22012,580,32877,1859,18,3
5834,31,D,2697,4167,422,40864,1647,14,2
5835,43,C,3348,7185,674,40606,1781,15,2
5836,37,D,2593,5189,490,29501,1586,12,2
5837,51,D,2451,4733,534,28543,1837,13,1
5838,54,B,5247,17702,1257,32903,1404,21,4
5839,57,B,7102,22310,1193,29582,1564,17,6
5840,48,C,3255,2326,865,27730,1415,15,2
5841,36,D,3812,8203,455,30104,2390,14,2
5842,31,D,2432,4210,443,19538,1672,12,1
5843,43,D,2382,5100,477,27051,1612,15,1
5844,45,D,1498,3071,489,37081,1605,11,0
5845,26,A,5057,34440,1041,17672,1899,14,4
5846,47,C,4574,4973,747,41193,1539,16,4
5847,35,E,8442,61976,1261,42049,1961,19,7
5848,28,B,4140,14504,1018,28036,1279,19,3
5849,26,C,4298,3739,917,17414,1949,14,3
5850,34,D,3950,5457,537,31066,1588,13,3
5851,31,B,5215,19733,1328,40368,1723,17,4
5852,71,A,5465,29231,710,35457,1758,13,4
5853,42,D,2827,5935,509,28000,1179,13,2
5854,44,E,7594,25571,1701,20476,1638,18,6
5855,26,B,6823,15040,1230,21355,2213,18,5
5856,37,D,2236,4722,628,22595,1568,12,1
5857,51,A,4673,17489,1159,29132,1273,17,4
5858,43,C,3741,6080,699,34786,1072,15,3
5859,45,A,4520,34480,1146,32508,1631,14,3
5860,34,E,6912,40801,1766,28683,1339,15,6
5861,63,C,3735,15575,670,30979,1286,14,3
5862,55,C,3171,7124,503,18252,1662,14,2
5863,38,E,8668,47706,2134,24764,1989,21,7
5864,42,B,7212,18371,1120,20592,1846,18,6
5865,46,D,2973,7374,434,22139,1441,12,2
5866,26,A,4198,14630,1051,26894,2053,20,3
5867,32,A,4362,19024,1121,32902,2099,18,3
5868,41,A,4775,13076,1193,40199,1356,18,4
5869,42,B,7682,18576,1097,36839,1537,15,7
5870,50,D,2465,4264,539,17878,2147,11,1
5871,48,B,9086,19347,1162,26250,1519,18,8
5872,29,E,8258,23078,1566,22294,1234,21,8
5873,25,A,5301,22466,1183,39264,1752,14,4
5874,22,C,3171,4586,737,33198,1784,14,2
5875,38,A,5409,19769,1048,28094,757,14,5
5876,21,C,3987,7898,791,42060,1768,14,3
5877,28,D,2251,4004,491,32012,1589,15,1
5878,45,C,3172,3333,733,41501,1715,12,2
5879,45,E,9369,103752,1289,37428,1129,20,9
5880,64,B,8331,23165,1124,32318,1501,19,7
5881,60,C,3560,4531,872,15858,2009,14,2
5882,22,E,8780,83344,1362,35447,1503,17,8
5883,45,E,7759,51562,1550,38915,1651,21,7
5884,52,D,2285,4467,474,29104,1411,12,1
5885,29,C,4151,5902,806,33168,1534,20,3
5886,46,D,2769,7392,520,27566,1384,13,2
5887,42,E,7757,44907,1328,21172,2078,21,6
5888,40,E,8288,49934,1630,37752,1598,20,7
5889,32,A,4179,35931,1089,36838,1531,16,3
5890,65,C,2886,5111,663,35697,2221,13,1
5891,38,E,8949,73460,1676,34183,1726,14,8
5892,47,E,7965,44130,1796,30393,1517,17,7
5893,55,A,5361,26654,1202,41528,1134,21,5
5894,56,D,1680,1175,524,30826,1918,12,0
5895,23,D,1842,4938,566,31609,1301,13,1
5896,31,E,9017,53677,2031,18594,1812,21,8
5897,26,E,8086,54785,1461,36218,1288,19,7
5898,45,D,3242,4164,484,22461,1131,16,3
5899,51,D,1442,3373,478,16748,2102,15,0
5900,50,A,4717,25657,1229,28347,2103,16,3
5901,36,B,6710,16539,1184,31457,1591,16,6
5902,34,B,7372,21781,1196,17279,1747,20,6
5903,46,A,5289,11584,959,41074,1681,15,4
5904,34,E,7691,98168,1330,16974,1780,16,6
5905,54,B,7187,28955,1214,17241,1676,17,6
5906,39,D,2565,6200,515,39307,2323,11,1
5907,47,C,3656,11393,750,23863,1400,16,3
5908,46,A,3828,24635,643,21332,1867,16,2
5909,49,B,5335,19612,1181,30356,2448,18,3
5910,49,B,8907,17429,1220,31836,1524,13,8
5911,33,A,5044,22076,1252,22180,2308,18,3
5912,24,B,7306,24170,1430,30994,1847,15,6
5913,58,D,2990,5547,522,28462,1388,16,2
5914,20,D,3647,5715,436,29058,1395,12,3
5915,32,E,9185,58222,1645,25005,2139,19,8
5916,51,C,3043,8487,691,16967,1175,12,2
5917,35,D,3143,7855,470,33440,1847,20,2
5918,43,A,5870,25044,893,24191,2142,14,4
5919,51,E,8748,53336,1548,18197,1853,16,7
5920,40,B,7411,11064,1321,28108,1161,16,7
5921,33,E,7876,58333,1875,30862,1707,18,7
5922,35,B,4093,9497,1399,17056,2059,19,3
5923,34,B,6957,11696,1169,27920,1465,21,6
5924,52,E,7523,39268,1693,20347,825,20,7
5925,35,B,5474,10077,1227,20328,2072,18,4
5926,41,E,8585,57147,1727,33975,1313,16,8
5927,26,A,5849,27854,1031,24788,1851,17,4
5928,45,C,3467,7870,745,27889,1413,16,3
5929,30,C,3242,6123,734,34775,1619,16,2
5930,50,E,8865,35431,1027,30475,2152,16,7
5931,33,A,4742,16850,763,33218,1436,17,4
5932,53,E,8996,35612,1669,33423,2013,21,7
5933,50,E,8470,14233,1684,20427,1770,16,7
5934,36,E,8382,83257,2065,22329,1103,19,8
5935,27,A,4710,22701,812,38142,1554,18,4
5936,41,E,6863,57556,1766,17608,1505,15,6
5937,38,D,1948,4051,504,20411,1746,12,1
5938,53,E,7268,34128,1891,38810,2046,18,6
5939,57,B,7719,31630,1456,31324,1599,17,7
5940,40,E,7470,24159,2126,39829,1433,20,7
5941,47,E,8370,53152,2050,37344,1863,21,7
5942,36,E,9187,37114,1076,39766,1784,18,8
5943,49,C,3833,7477,749,30695,1331,12,3
5944,36,B,9449,21872,1120,36634,1513,20,8
5945,33,D,4379,7595,401,35840,1759,14,3
5946,33,E,7421,42778,1165,29041,2206,20,6
5947,28,A,4925,27822,1060,15667,2235,16,3
5948,40,C,4033,5609,563,38293,1887,20,3
5949,53,B,6825,28887,1250,35462,1389,20,6
5950,58,D,4284,7959,467,20042,1781,15,3
5951,38,D,2502,4691,467,32851,1676,14,1
5952,27,A,5035,23064,913,40255,1546,15,4
5953,29,E,8179,85073,2159,21919,1684,18,7
5954,39,C,3071,6106,739,23806,2429,14,1
5955,39,E,7568,44546,1258,22838,2100,15,6
5956,54,B,6659,22849,1409,16406,1948,17,5
5957,37,E,7081,23615,1732,16391,1428,21,6
5958,50,B,8672,28727,1130,34780,1736,17,7
5959,46,A,5038,38122,1083,20839,1989,11,4
5960,39,D,2084,5700,503,20317,1497,12,1
5961,36,D,1904,3775,613,24990,1944,13,0
5962,24,A,5167,13675,808,25235,2134,17,4
5963,34,A,5512,26618,942,24609,1522,14,4
5964,33,E,8667,39263,1635,15948,1445,12,8
5965,36,C,3895,4600,853,27127,1630,17,3
5966,45,C,3707,7171,848,21567,2382,15,2
5967,35,E,9133,95611,1406,23927,2062,21,8
5968,31,A,4477,18455,727,18059,2214,21,3
5969,39,A,5283,31893,842,21698,1689,13,4
5970,47,E,8489,63796,1449,25027,1053,19,8
5971,30,D,2450,5617,514,35540,2321,15,1
5972,42,D,1773,3903,598,21066,1816,9,0
5973,59,E,9343,47446,1427,20793,2012,14,8
5974,27,C,3206,5006,777,24331,2102,16,2
5975,45,E,8091,68801,1964,24924,1986,21,7
5976,54,B,5581,18477,1137,41484,1268,15,5
5977,56,C,3528,13721,886,27239,2204,14,2
5978,19,C,3715,4279,940,35640,2024,14,2
5979,23,A,5213,32437,1154,36442,2022,13,4
5980,44,E,8412,37493,1698,35790,2269,21,7
5981,49,C,3288,5822,844,41381,810,16,3
5982,43,B,7417,28133,1249,35651,1822,15,6
5983,60,D,2214,3037,449,30695,1812,14,1
5984,44,A,5767,28055,827,29739,1033,16,5
5985,39,B,8561,39415,1096,31500,1668,17,7
5986,43,B,6794,18660,1146,25608,1261,19,6
5987,45,C,4317,13871,855,34841,1223,14,4
5988,41,D,2672,2330,535,20363,1269,13,2
5989,37,C,3633,7398,644,32764,1596,13,3
5990,35,E,7101,58135,1823,31239,1545,19,6
5991,28,D,2233,2912,554,34532,2064,13,1
5992,38,D,1733,4606,429,16642,2033,11,0
5993,44,A,4736,11756,1308,16776,2114,16,3
5994,42,E,8046,20834,1338,41659,1934,20,7
5995,29,A,4863,29861,912,23018,1937,21,3
5996,33,B,7535,27911,1302,16570,1656,15,6
5997,36,E,7222,76687,1925,35731,1251,17,6
5998,32,E,8087,44858,1444,29243,1813,19,7
5999,21,C,2576,8951,894,38808,1781,10,1
6000,46,A,4806,19099,1233,32408,1794,14,4